"product";"referentie";"analyse";"component";"ref_x_huidig";"ref_sd_huidig";"x_huidig";"sd_huidig";"n_laatst";"x_laatst";"sd_laatst";"n_tot";"n_set1";"n_set2";"x_set1";"x_set2";"sd_set1";"sd_set2";"t_test_p";"var_test_p";"significant";"is_pbl";"qc_chart";"x_voorstel";"sd_voorstel";"lcl_voorstel";"ucl_voorstel"
"QC_VAST";"HWC_HOOG_MRF";"C_HWC_V";"HWC.OC.DS";"1000,0000";NA;"1288,730000";"136,4800000";"2";"1,44813870940000e+03";"8,17890867952835e+01";"4";"2";"2";"1,50593569040000e+03";"1,44813870940000e+03";"2,96131131211365e+01";"8,17890867952835e+01";NA;NA;"NANA";"0";"T";"1288,73000000000002";"136,4799999999999898";"879,29000000000008";"1698,17000000000007"
"QC_VAST";"HWC_LAAG_MRF";"C_HWC_V";"HWC.OC.DS";"250,0000";NA;"337,470000";"14,2000000";"2";"3,60225629365000e+02";"2,13069569913023e+01";"4";"2";"2";"3,67512436375000e+02";"3,60225629365000e+02";"1,39159817326150e+00";"2,13069569913023e+01";NA;NA;"NANA";"0";"T";"337,47000000000003";"14,1999999999999993";"294,87000000000000";"380,07000000000005"
"QC_VAST";"HWC_PBL";"C_HWC_V";"HWC.OC.DS";"0,0000";NA;"0,000000";"25,0000000";"2";"2,08225000000000e+01";"8,52417224720383e+00";"4";"2";"2";"2,38210094220000e+01";"2,08225000000000e+01";"5,88817688611810e+00";"8,52417224720383e+00";NA;NA;"NANA";"1";"T";"0,00000000000000";"25,0000000000000000";"-50,00000000000000";"50,00000000000000"
"QC_VAST";"ALG_FSCC4B_MRF";"C_N_ANAL_V";"T.C.DS";"6,5000";NA;"6,280000";"0,1300000";"36";"6,32366612453333e+00";"6,70132608760458e-02";"56";"28";"28";"6,28545577272857e+00";"6,31581040180000e+00";"7,65320812243678e-02";"6,69302181466890e-02";"1,20089436179939e-01";"4,90725806252178e-01";"__";"0";"T";"6,28000000000000";"0,1300000000000000";"5,89000000000000";"6,67000000000000"
"QC_VAST";"ALG_FSCC6A_MRF";"C_N_ANAL_V";"T.C.DS";"43,0000";NA;"42,780000";"0,5400000";"43";"4,29477783577907e+01";"6,18416279826996e-01";"63";"31";"32";"4,27225420246452e+01";"4,28795027024375e+01";"6,07844699557884e-01";"6,08059629927484e-01";"3,09653134820854e-01";"9,99958283469159e-01";"__";"0";"T";"42,78000000000000";"0,5400000000000000";"41,16000000000000";"44,40000000000000"
"QC_VAST";"ALG_FSCC6D_MRF";"C_N_ANAL_V";"T.C.DS";"466,0000";NA;"466,000000";"11,1600000";"9";"4,60037896556667e+02";"6,34627821671198e+00";"13";"6";"7";"4,56328511375000e+02";"4,58045994518571e+02";"1,11641577222097e+01";"5,08415052640417e+00";NA;NA;"NANA";"0";"T";"466,00000000000000";"11,1600000000000001";"432,51999999999998";"499,48000000000002"
"QC_VAST";"ALG_ISE839_MRF";"C_N_ANAL_V";"T.C.DS";"35,7000";"1,280e+00";"35,700000";"0,5100000";"9";"3,61857400760000e+01";"2,59071908258345e-01";"9";"4";"5";"3,61817445042500e+01";"3,61889365334000e+01";"2,84802631426016e-01";"2,70875186900456e-01";NA;NA;"NANA";"0";"T";"35,70000000000000";"0,5100000000000000";"34,17000000000000";"37,23000000000000"
"QC_VAST";"ALG_ISE861_MRF";"C_N_ANAL_V";"T.C.DS";"53,8000";"1,080e+00";"52,320000";"0,5100000";"37";"5,23226683905676e+01";"5,39253258574019e-01";"57";"28";"29";"5,22690400242857e+01";"5,22525374498276e+01";"5,09578976355038e-01";"5,25838943589139e-01";"9,04660511200740e-01";"8,72226876980020e-01";"__";"0";"T";"52,32000000000000";"0,5100000000000000";"50,79000000000000";"53,85000000000000"
"QC_VAST";"ALG_MAPLEA_MRF";"C_N_ANAL_V";"T.C.DS";"483,0000";"1,514e+01";"485,280000";"6,9500000";"6";"4,76075016948333e+02";"3,17881503843770e+00";"11";"5";"6";"4,77838978578000e+02";"4,76075016948333e+02";"7,08627444331704e+00";"3,17881503843770e+00";NA;NA;"NANA";"0";"T";"485,27999999999997";"6,9500000000000002";"464,42999999999995";"506,13000000000000"
"QC_VAST";"CN_GLY_HOOG_RF";"C_N_ANAL_V";"T.C.DS";"320,0000";NA;"318,570000";"3,8400000";"76";"3,21043815789474e+02";"3,43255239031842e+00";"117";"58";"59";"3,19843793103448e+02";"3,20504237288136e+02";"4,10414203594121e+00";"3,38035511468015e+00";"3,44577838887938e-01";"1,43794795851784e-01";"__";"0";"T";"318,56999999999999";"3,8399999999999999";"307,05000000000001";"330,08999999999997"
"QC_VAST";"CN_GLY_LAAG_RF";"C_N_ANAL_V";"T.C.DS";"320,0000";NA;"311,970000";"6,4000000";"76";"3,14751315789474e+02";"3,23945359265222e+00";"117";"58";"59";"3,13104310344828e+02";"3,14435932203390e+02";"3,92580715225967e+00";"3,04344412356386e+00";"4,29867187510384e-02";"5,56220027627512e-02";"__";"0";"T";"311,97000000000003";"6,4000000000000004";"292,77000000000004";"331,17000000000002"
"QC_VAST";"CN_PBL";"C_N_ANAL_V";"T.C.DS";"0,0000";NA;"0,000000";"0,2500000";"76";"1,27631578947368e-02";"2,59023131121798e-02";"117";"58";"59";"1,27586206896552e-02";"1,27118644067797e-02";"2,52560990339958e-02";"2,51773371325235e-02";"9,92016738016070e-01";"9,80575500204165e-01";"__";"1";"T";"0,00000000000000";"0,2500000000000000";"-0,50000000000000";"0,50000000000000"
"QC_VAST";"ALG_ISE861_MRF";"C_N_ANAL_V";"T.N";NA;NA;NA;NA;"0";NA;NA;"29";"14";"15";"1,70071428571429e-01";"1,72866666666667e-01";"3,58338657427011e-03";"4,03319558993444e-03";NA;NA;"NANA";NA;NA;NA;NA;NA;NA
"QC_VAST";"ALG_MAPLEA_MRF";"C_N_ANAL_V";"T.N";NA;NA;NA;NA;"0";NA;NA;"27";"13";"14";"2,01523076923077e+00";"2,01164285714286e+00";"1,79171884241262e-02";"2,64999481649918e-02";NA;NA;"NANA";NA;NA;NA;NA;NA;NA
"QC_VAST";"CN_GLY_HOOG_RF";"C_N_ANAL_V";"T.N";NA;NA;NA;NA;"0";NA;NA;"30";"15";"15";"1,86433333333333e+01";"1,85527333333333e+01";"1,44321400584482e-01";"1,42949774729582e-01";"9,51148093418610e-02";"9,72001170057316e-01";"__";NA;NA;NA;NA;NA;NA
"QC_VAST";"CN_GLY_LAAG_RF";"C_N_ANAL_V";"T.N";NA;NA;NA;NA;"0";NA;NA;"30";"15";"15";"1,86236000000000e+01";"1,85973333333333e+01";"1,31342409645280e-01";"1,44641263953601e-01";"6,06714399100348e-01";"7,23168109588190e-01";"__";NA;NA;NA;NA;NA;NA
"QC_VAST";"CN_PBL";"C_N_ANAL_V";"T.N";NA;NA;NA;NA;"0";NA;NA;"30";"15";"15";"8,00000000000000e-04";"1,20000000000000e-03";"1,61245154965971e-03";"1,32017314881691e-03";"4,63676319577776e-01";"4,63748590837227e-01";"__";NA;NA;NA;NA;NA;NA
"QC_VAST";"ALG_FSCC4B_MRF";"C_N_ANAL_V";"T.N.DS";"0,4000";NA;"0,410000";"0,0200000";"36";"4,13814880619444e-01";"1,50974863514587e-02";"56";"28";"28";"4,11825532500000e-01";"4,14998772882143e-01";"1,43438684757716e-02";"1,63811261132820e-02";"4,44023383226495e-01";"4,94773394140690e-01";"__";"0";"T";"0,41000000000000";"0,0200000000000000";"0,35000000000000";"0,47000000000000"
"QC_VAST";"ALG_FSCC6A_MRF";"C_N_ANAL_V";"T.N.DS";"2,7000";NA;"2,780000";"0,0500000";"43";"2,78924194904651e+00";"5,68461015659947e-02";"63";"31";"32";"2,77334789369677e+00";"2,80109371937500e+00";"4,18980663749820e-02";"5,94994427078110e-02";"3,62921165303264e-02";"5,79108839844674e-02";"__";"0";"T";"2,78000000000000";"0,0500000000000000";"2,63000000000000";"2,93000000000000"
"QC_VAST";"ALG_FSCC6D_MRF";"C_N_ANAL_V";"T.N.DS";"18,0000";NA;"18,000000";"0,4500000";"9";"1,78159654366667e+01";"2,77881100917242e-01";"13";"6";"7";"1,76353725491667e+01";"1,78754188242857e+01";"5,09504631808157e-01";"2,78597510755208e-01";NA;NA;"NANA";"0";"T";"18,00000000000000";"0,4500000000000000";"16,65000000000000";"19,35000000000000"
"QC_VAST";"ALG_ISE839_MRF";"C_N_ANAL_V";"T.N.DS";"1,6100";"1,310e-01";"1,610000";"0,0400000";"8";"1,67818678930000e+00";"1,95565552741041e-02";"8";"4";"4";"1,68929186507500e+00";"1,66708171352500e+00";"9,69939324860160e-03";"2,16671458465162e-02";NA;NA;"NANA";"0";"T";"1,61000000000000";"0,0400000000000000";"1,49000000000000";"1,73000000000000"
"QC_VAST";"ALG_ISE861_MRF";"C_N_ANAL_V";"T.N.DS";"1,6500";"1,310e-01";"1,650000";"0,0400000";"37";"1,64874202957297e+00";"3,36786584231102e-02";"57";"28";"29";"1,65218301746786e+00";"1,64775915125172e+00";"4,07529011063452e-02";"3,58821095600597e-02";"6,65743240788010e-01";"5,07135869256670e-01";"__";"0";"T";"1,65000000000000";"0,0400000000000000";"1,53000000000000";"1,77000000000000"
"QC_VAST";"ALG_MAPLEA_MRF";"C_N_ANAL_V";"T.N.DS";"21,1500";"6,460e-01";"21,280000";"0,2400000";"6";"2,13047359865000e+01";"1,91808418904419e-01";"11";"5";"6";"2,11860293342000e+01";"2,13047359865000e+01";"7,98044548843582e-02";"1,91808418904419e-01";NA;NA;"NANA";"0";"T";"21,28000000000000";"0,2400000000000000";"20,56000000000000";"22,00000000000000"
"QC_VAST";"CN_GLY_HOOG_RF";"C_N_ANAL_V";"T.N.DS";"186,5900";NA;"185,800000";"1,8700000";"76";"1,84546315789474e+02";"1,59584864955318e+00";"116";"58";"58";"1,85219655172414e+02";"1,84737931034483e+02";"1,67306732230738e+00";"1,64556795359449e+00";"1,20745603772442e-01";"9,00861141324687e-01";"__";"0";"T";"185,80000000000001";"1,8700000000000001";"180,19000000000000";"191,41000000000003"
"QC_VAST";"CN_GLY_LAAG_RF";"C_N_ANAL_V";"T.N.DS";"186,5900";NA;"187,080000";"3,7300000";"76";"1,86208289473684e+02";"2,58485919057262e+00";"117";"58";"59";"1,86439310344828e+02";"1,86444915254237e+02";"2,31856191217592e+00";"2,72558021211894e+00";"9,90456384656124e-01";"2,23575177680151e-01";"__";"0";"T";"187,08000000000001";"3,7300000000000000";"175,89000000000001";"198,27000000000001"
"QC_VAST";"CN_PBL";"C_N_ANAL_V";"T.N.DS";"0,0000";NA;"0,000000";"0,0500000";"76";"1,60526315789474e-02";"1,74416319854476e-02";"117";"58";"59";"2,24137931034483e-02";"1,30508474576271e-02";"1,71995863707493e-02";"1,71458487273094e-02";"3,86764985725419e-03";"9,80540300989408e-01";"*_";"1";"T";"0,00000000000000";"0,0500000000000000";"-0,10000000000000";"0,10000000000000"
"QC_VAST";"ALG_IRBODO_MRF";"C_TIC_ANALYSER";"T.IC.DS";"5,0000";NA;"5,110000";"0,1500000";"17";"4,93077195519412e+00";"8,38248801299704e-02";"24";"12";"12";"4,99244332495833e+00";"4,91808982484167e+00";"7,11802180576422e-02";"9,11175071589301e-02";NA;NA;"NANA";"0";"T";"5,11000000000000";"0,1500000000000000";"4,66000000000000";"5,56000000000000"
"QC_VAST";"ALG_ISE839_MRF";"C_TIC_ANALYSER";"T.IC.DS";"20,4000";"0,000e+00";"20,400000";"0,6200000";"9";"1,99283940287778e+01";"3,74559324586106e-01";"9";"4";"5";"2,00410292775000e+01";"1,98382858298000e+01";"4,46315832020578e-01";"3,29173131005773e-01";NA;NA;"NANA";"0";"T";"20,40000000000000";"0,6200000000000000";"18,54000000000000";"22,26000000000000"
"QC_VAST";"ALG_ISE861_MRF";"C_TIC_ANALYSER";"T.IC.DS";"36,8400";"2,028e+00";"37,200000";"0,6200000";"28";"3,70522740847143e+01";"5,88249118684484e-01";"36";"18";"18";"3,71895237392222e+01";"3,69985428864444e+01";"5,62477576269739e-01";"5,27225931138888e-01";"3,00699164209732e-01";"7,92648994655363e-01";"__";"0";"T";"37,20000000000000";"0,6200000000000000";"35,34000000000000";"39,06000000000000"
"QC_VAST";"TIC_CACO3_RF";"C_TIC_ANALYSER";"T.IC.DS";"120,1000";NA;"116,690000";"2,9700000";"41";"1,14720975609756e+02";"3,04748486860727e+00";"53";"26";"27";"1,16264615384615e+02";"1,14310740740741e+02";"3,13188024134925e+00";"2,91427643206802e+00";"2,27792041350236e-02";"7,16870556056184e-01";"__";"0";"T";"116,69000000000000";"2,9700000000000002";"107,78000000000000";"125,59999999999999"
"QC_VAST";"TIC_NA2CO3_RF";"C_TIC_ANALYSER";"T.IC.DS";"113,3000";NA;"112,610000";"1,4200000";"40";"1,11850000000000e+02";"1,99572491809817e+00";"54";"27";"27";"1,12513703703704e+02";"1,11462222222222e+02";"1,84070251670001e+00";"1,64824693196073e+00";"3,14912689562380e-02";"5,77415763036697e-01";"__";"0";"T";"112,61000000000000";"1,4199999999999999";"108,34999999999999";"116,87000000000000"
"QC_VAST";"TIC_PBL";"C_TIC_ANALYSER";"T.IC.DS";"0,0000";NA;"0,000000";"0,0500000";"42";"-1,59523809523810e-02";"1,30775405701351e-02";"56";"28";"28";"-1,50000000000000e-02";"-1,57142857142857e-02";"1,37436854187255e-02";"1,28894362226424e-02";"8,41771772662269e-01";"7,41203766748249e-01";"__";"1";"T";"0,00000000000000";"0,0500000000000000";"-0,10000000000000";"0,10000000000000"
"QC_VAST";"CARBONAAT_PBL";"CACO3_TIT_V";"CaCO3.DS";"0,0000";NA;"0,000000";"5,0000000";"4";"-5,84375000000000e-01";"1,27913443227572e+00";"5";"2";"3";"2,87500000000000e-01";"-9,58333333333333e-01";"3,53553390593274e-01";"1,27090846772430e+00";NA;NA;"NANA";"1";"T";"0,00000000000000";"5,0000000000000000";"-10,00000000000000";"10,00000000000000"
"QC_VAST";"CARBONAAT_RF";"CACO3_TIT_V";"CaCO3.DS";"1000,0000";NA;"1001,400000";"70,8800000";"4";"1,06643533469250e+03";"5,67626233433005e+01";"5";"2";"3";"1,06342249928500e+03";"1,08999995193333e+03";"9,57154111878677e+01";"3,87459159006239e+01";NA;NA;"NANA";"0";"T";"1001,39999999999998";"70,8799999999999955";"788,75999999999999";"1214,03999999999996"
"QC_VAST";"ALG_ZB_MRF";"CEC_ACID_EXCH_V";"EXCH.ACID.DS";NA;NA;"4,350000";"0,4900000";"1";"4,85355999500000e+00";NA;"4";"2";"2";"3,01259759840000e+00";"5,31842216710000e+00";"1,11125553863511e-01";"6,57414388418035e-01";NA;NA;"NANA";"0";"T";"4,35000000000000";"0,4900000000000000";"2,88000000000000";"5,82000000000000"
"QC_VAST";"CEC_PBL";"CEC_ACID_EXCH_V";"EXCH.ACID.DS";"0,0000";NA;"0,000000";"0,5000000";"1";"1,23333333300000e-02";NA;"2";"1";"1";"1,23333333300000e-02";"1,23333333300000e-02";NA;NA;NA;NA;"NANA";"1";"T";"0,00000000000000";"0,1250000000000000";"-0,25000000000000";"0,25000000000000"
"QC_VAST";"ALG_ZB_MRF";"CEC_BACL2_V";"EXCH.Al.DS";NA;NA;"2,870000";"0,2900000";"0";NA;NA;"4";"2";"2";"2,19022316015000e+00";"3,50119950730000e+00";"4,11361749369591e-02";"1,07779625408364e-01";NA;NA;"NANA";"0";"T";"2,87000000000000";"0,2900000000000000";"2,00000000000000";"3,74000000000000"
"QC_VAST";"CEC_PBL";"CEC_BACL2_V";"EXCH.Al.DS";"0,0000";NA;"0,000000";"0,0250000";"0";NA;NA;"4";"2";"2";"-2,77983691600000e-03";"-2,77983691600000e-03";"3,93128306779260e-03";"2,35876984124124e-03";NA;NA;"NANA";"1";"T";"0,00000000000000";"0,0250000000000000";"-0,05000000000000";"0,05000000000000"
"QC_VAST";"ALG_ZB_MRF";"CEC_BACL2_V";"EXCH.Ca.DS";NA;NA;"1,790000";"0,1100000";"0";NA;NA;"4";"2";"2";"1,55732472210000e+00";"1,97150556705000e+00";"9,52395666281034e-02";"3,68253470944020e-02";NA;NA;"NANA";"0";"T";"1,79000000000000";"0,1100000000000000";"1,46000000000000";"2,12000000000000"
"QC_VAST";"CEC_PBL";"CEC_BACL2_V";"EXCH.Ca.DS";"0,0000";"0,000e+00";"0,000000";"0,0250000";"0";NA;NA;"4";"2";"2";"2,44760479000000e-03";"1,94803808350000e-03";"1,40786230380863e-03";"7,87648982188259e-04";NA;NA;"NANA";"1";"T";"0,00000000000000";"0,0100000000000000";"-0,02000000000000";"0,02000000000000"
"QC_VAST";"ALG_ZB_MRF";"CEC_BACL2_V";"EXCH.Fe.DS";NA;NA;"0,230000";"0,0400000";"0";NA;NA;"4";"2";"2";"1,69468342600000e-01";"3,08116870400000e-01";"1,60152105754059e-03";"1,95763728595160e-02";NA;NA;"NANA";"0";"T";"0,23000000000000";"0,0400000000000000";"0,11000000000000";"0,35000000000000"
"QC_VAST";"CEC_PBL";"CEC_BACL2_V";"EXCH.Fe.DS";"0,0000";NA;"0,000000";"0,0250000";"0";NA;NA;"4";"2";"2";"2,50896057300000e-03";"1,07526881705000e-03";"0,00000000000000e+00";"1,01377316272814e-03";NA;NA;"NANA";"1";"T";"0,00000000000000";"0,0050000000000000";"-0,01000000000000";"0,01000000000000"
"QC_VAST";"ALG_ZB_MRF";"CEC_BACL2_V";"EXCH.K.DS";NA;NA;"0,270000";"0,0200000";"0";NA;NA;"2";"1";"1";"2,95189774900000e-01";"3,09922462800000e-01";NA;NA;NA;NA;"NANA";"0";"T";"0,27000000000000";"0,0200000000000000";"0,21000000000000";"0,33000000000000"
"QC_VAST";"CEC_PBL";"CEC_BACL2_V";"EXCH.K.DS";"0,0000";"0,000e+00";"0,000000";"0,0250000";"0";NA;NA;"4";"2";"2";"5,11508951400000e-04";"1,02301790270000e-03";"0,00000000000000e+00";"7,23382896203699e-04";NA;NA;"NANA";"1";"T";"0,00000000000000";"0,0050000000000000";"-0,01000000000000";"0,01000000000000"
"QC_VAST";"ALG_ZB_MRF";"CEC_BACL2_V";"EXCH.Mg.DS";NA;NA;"0,430000";"0,0300000";"0";NA;NA;"4";"2";"2";"3,79124170600000e-01";"4,71642700000000e-01";"1,76276652008399e-02";"1,61584788945556e-02";NA;NA;"NANA";"0";"T";"0,43000000000000";"0,0300000000000000";"0,34000000000000";"0,52000000000000"
"QC_VAST";"CEC_PBL";"CEC_BACL2_V";"EXCH.Mg.DS";"0,0000";NA;"0,000000";"0,0500000";"0";NA;NA;"4";"2";"2";"0,00000000000000e+00";"4,11353352550000e-04";"0,00000000000000e+00";"5,81741490103851e-04";NA;NA;"NANA";"1";"T";"0,00000000000000";"0,0500000000000000";"-0,10000000000000";"0,10000000000000"
"QC_VAST";"ALG_ZB_MRF";"CEC_BACL2_V";"EXCH.Mn.DS";NA;NA;"0,290000";"0,0200000";"0";NA;NA;"4";"2";"2";"2,56726833250000e-01";"3,28603944400000e-01";"5,52690874133900e-03";"6,95637000078821e-03";NA;NA;"NANA";"0";"T";"0,29000000000000";"0,0200000000000000";"0,23000000000000";"0,35000000000000"
"QC_VAST";"CEC_PBL";"CEC_BACL2_V";"EXCH.Mn.DS";"0,0000";NA;"0,000000";"0,0250000";"0";NA;NA;"4";"2";"2";"0,00000000000000e+00";"0,00000000000000e+00";"0,00000000000000e+00";"0,00000000000000e+00";NA;NA;"NANA";"1";"T";"0,00000000000000";"0,0050000000000000";"-0,01000000000000";"0,01000000000000"
"QC_VAST";"ALG_ZB_MRF";"CEC_BACL2_V";"EXCH.Na.DS";NA;NA;"0,040000";"0,0200000";"0";NA;NA;"4";"2";"2";"4,00035760900000e-02";"5,41421873550000e-02";"7,39806476077325e-03";"2,52026135573129e-03";NA;NA;"NANA";"0";"T";"0,04000000000000";"0,0200000000000000";"-0,02000000000000";"0,10000000000000"
"QC_VAST";"CEC_PBL";"CEC_BACL2_V";"EXCH.Na.DS";"0,0000";NA;"0,000000";"0,1000000";"0";NA;NA;"4";"2";"2";"-1,73988690750000e-03";"1,52240104415000e-03";"4,92114332245666e-03";"3,38328603472812e-03";NA;NA;"NANA";"1";"T";"0,00000000000000";"0,0250000000000000";"-0,05000000000000";"0,05000000000000"
"QC_VAST";"ALG_ZB_MRF";"CEC_BACL2_V";"T.CEC.DS";NA;NA;"6,080000";"0,3500000";"0";NA;NA;"3";"1";"2";"5,03687481660000e+00";"5,88295993145000e+00";NA;"9,37248564336933e-02";NA;NA;"NANA";"0";"T";"6,08000000000000";"0,3500000000000000";"5,03000000000000";"7,13000000000000"
"QC_VAST";"ALG_ZB_MRF";"CEC_H_EXCH_V";"EXCH.H.DS";NA;NA;"1,320000";"0,0700000";"1";"1,43196347630000e+00";NA;"2";"1";"1";"1,43196347630000e+00";"1,43196347630000e+00";NA;NA;NA;NA;"NANA";"0";"T";"1,32000000000000";"0,0700000000000000";"1,11000000000000";"1,53000000000000"
"QC_VAST";"CEC_PBL";"CEC_H_EXCH_V";"EXCH.H.DS";"0,0000";NA;"0,000000";"0,5000000";"1";"1,58333333300000e-02";NA;"2";"1";"1";"1,58333333300000e-02";"1,58333333300000e-02";NA;NA;NA;NA;"NANA";"1";"T";"0,00000000000000";"0,5000000000000000";"-1,00000000000000";"1,00000000000000"
"QC_VAST";"ALG_ESA_MRF";"DS_OVEN_105";"DS.105";"954,7000";NA;"954,210000";"3,2600000";"9";"9,50086086543333e+02";"3,66162798987825e+00";"25";"12";"13";"9,53276366351667e+02";"9,49205724840000e+02";"3,19061525364507e+00";"3,49728008748567e+00";NA;NA;"NANA";"0";"T";"954,21000000000004";"3,2599999999999998";"944,43000000000006";"963,99000000000001"
"QC_VAST";"ALG_FSCC_MRF";"DS_OVEN_105";"DS.105";"994,7000";NA;"993,860000";"1,3300000";"25";"9,93821974513600e+02";"7,36855440721105e-01";"42";"21";"21";"9,93893805102381e+02";"9,93883682535238e+02";"4,68456359984256e-01";"7,63750679694272e-01";"9,59019765200198e-01";"3,41298608818485e-02";"__";"0";"T";"993,86000000000001";"1,3300000000000001";"989,87000000000000";"997,85000000000002"
"QC_VAST";"ALG_ZONSTRO_MRF";"DS_OVEN_105";"DS.105";"945,6000";NA;"941,080000";"6,5600000";"16";"9,40053038253125e+02";"4,91183399700841e+00";"36";"18";"18";"9,38797358295556e+02";"9,39883801545000e+02";"3,34405272998633e+00";"4,70889992397659e+00";"4,30953006619182e-01";"1,68327027053864e-01";"__";"0";"T";"941,08000000000004";"6,5599999999999996";"921,40000000000009";"960,75999999999999"
"QC_VAST";"DS_PBL";"DS_OVEN_105";"DS.105";"1000,0000";"5,000e-01";"1000,000000";"2,5000000";"25";"1,00016906044040e+03";"2,26189671482548e-01";"25";"12";"13";"1,00013793289250e+03";"1,00019779356154e+03";"3,14523599974080e-01";"9,88882303361264e-02";NA;NA;"NANA";"1";"T";"0,00000000000000";"47,5000000000000000";"-95,00000000000000";"95,00000000000000"
"QC_VAST";"ALG_ESA_MRF";"DS_OVEN_105_ALQ";"DS.105";"954,7000";NA;"954,210000";"3,2600000";"3";"9,49246208623333e+02";"1,26826177844891e+00";"4";"2";"2";"9,47885518290000e+02";"9,49690264545000e+02";"6,68326909843783e-01";"1,42613530492214e+00";NA;NA;"NANA";"0";"T";"954,21000000000004";"3,2599999999999998";"944,43000000000006";"963,99000000000001"
"QC_VAST";"ALG_FSCC_MRF";"DS_OVEN_105_ALQ";"DS.105";"994,7000";NA;"993,860000";"1,3300000";"38";"9,93513592882105e+02";"4,67080565938063e-01";"65";"32";"33";"9,93901691035000e+02";"9,93507921128485e+02";"5,04586072001598e-01";"4,95488754577878e-01";"2,33192130520759e-03";"9,17809289829582e-01";"*_";"0";"T";"993,50792112848490";"1,3300000000000001";"989,51792112848489";"997,49792112848490"
"QC_VAST";"ALG_ZONSTRO_MRF";"DS_OVEN_105_ALQ";"DS.105";"645,6000";NA;"941,080000";"6,5600000";"15";"9,35728106648000e+02";"3,71157056200949e+00";"17";"8";"9";"9,34442591647500e+02";"9,37031344674444e+02";"3,37064316661385e+00";"3,48403885260845e+00";NA;NA;"NANA";"0";"T";"941,08000000000004";"6,5599999999999996";"921,40000000000009";"960,75999999999999"
"QC_VAST";"DS_PBL";"DS_OVEN_105_ALQ";"DS.105";"1000,0000";"5,000e+00";"1000,000000";"2,5000000";"41";"1,00008598219341e+03";"3,02097853780667e-01";"41";"20";"21";"1,00002096099300e+03";"1,00014790714619e+03";"4,11183124945819e-01";"1,16850550367157e-01";"1,97041241346358e-01";"5,96734224478368e-07";"_*";"1";"T";"0,00000000000000";NA;NA;NA
"QC_VAST";"ALG_BCR482_MRF";"HG_TOT_MA3000_V";"T.Hg.DS";"0,4800";"2,000e-02";"0,490000";"0,0100000";"8";"4,97866287337500e-01";"1,28140943924701e-02";"12";"6";"6";"4,89994297216667e-01";"5,02972608233333e-01";"8,65696113668739e-03";"9,63071998287969e-03";NA;NA;"NANA";"0";"T";"0,49000000000000";"0,0100000000000000";"0,46000000000000";"0,52000000000000"
"QC_VAST";"ALG_ISE961_MRF";"HG_TOT_MA3000_V";"T.Hg.DS";"0,0487";"4,980e-03";"0,050000";"0,0100000";"8";"4,71581028800000e-02";"3,05925416619654e-03";"13";"6";"7";"4,99264506300000e-02";"4,75393485457143e-02";"5,91760534815242e-03";"3,09229553208950e-03";NA;NA;"NANA";"0";"T";"0,05000000000000";"0,0100000000000000";"0,02000000000000";"0,08000000000000"
"QC_VAST";"HG_1NG_RF";"HG_TOT_MA3000_V";"T.Hg.DS";"1,0000";NA;"0,980000";"0,0500000";"9";"1,00211111111111e+00";"6,26965797401350e-02";"14";"7";"7";"9,53000000000000e-01";"1,01771428571429e+00";"5,31914780141832e-02";"5,69406541518281e-02";NA;NA;"NANA";"0";"T";"0,98000000000000";"0,0500000000000000";"0,83000000000000";"1,13000000000000"
"QC_VAST";"HG_50NG_RF";"HG_TOT_MA3000_V";"T.Hg.DS";"50,0000";NA;"49,360000";"1,1100000";"9";"4,98745555555556e+01";"1,61568987673309e+00";"14";"7";"7";"4,97817142857143e+01";"4,96557142857143e+01";"1,11790543939484e+00";"1,74762922405238e+00";NA;NA;"NANA";"0";"T";"49,36000000000000";"1,1100000000000001";"46,03000000000000";"52,69000000000000"
"QC_VAST";"HG_PBL";"HG_TOT_MA3000_V";"T.Hg.DS";"0,0000";"0,000e+00";"0,000000";"0,0012500";"8";"2,50000000000000e-04";"4,62910049886276e-04";"8";"4";"4";"0,00000000000000e+00";"5,00000000000000e-04";"0,00000000000000e+00";"5,77350269189626e-04";NA;NA;"NANA";"1";"T";"0,00000000000000";"0,0012500000000000";"-0,00250000000000";"0,00250000000000"
"QC_VAST";"ICP_BACL2_MIX_RF";"ICP_CEC_BACL2_V";"Al_ICP";"2,5000";NA;"2,530000";"0,1100000";"1";"2,63420000000000e+00";NA;"4";"2";"2";"2,52005000000000e+00";"2,59895000000000e+00";"1,27986327394765e-02";"4,98510280736516e-02";NA;NA;"NANA";"0";"T";"2,53000000000000";"0,1100000000000000";"2,20000000000000";"2,86000000000000"
"QC_VAST";"ICP_BACL2_MIX_RF";"ICP_CEC_BACL2_V";"Ca_ICP";"6,3000";NA;"6,320000";"0,1000000";"1";"6,39540000000000e+00";NA;"4";"2";"2";"6,41450000000000e+00";"6,36840000000000e+00";"2,05060966544098e-02";"3,81837661840738e-02";NA;NA;"NANA";"0";"T";"6,32000000000000";"0,1000000000000000";"6,02000000000000";"6,62000000000000"
"QC_VAST";"ICP_BACL2_MIX_RF";"ICP_CEC_BACL2_V";"Fe_ICP";"2,5000";NA;"2,510000";"0,1000000";"1";"2,56220000000000e+00";NA;"4";"2";"2";"2,49700000000000e+00";"2,50485000000000e+00";"4,24264068711913e-03";"8,11051478020970e-02";NA;NA;"NANA";"0";"T";"2,51000000000000";"0,1000000000000000";"2,21000000000000";"2,81000000000000"
"QC_VAST";"ICP_BACL2_MIX_RF";"ICP_CEC_BACL2_V";"K_ICP";"2,5000";NA;"2,580000";"0,1200000";"1";"2,56420000000000e+00";NA;"4";"2";"2";"2,51480000000000e+00";"2,55095000000000e+00";"2,09303607231217e-02";"1,87383297014435e-02";NA;NA;"NANA";"0";"T";"2,58000000000000";"0,1200000000000000";"2,22000000000000";"2,94000000000000"
"QC_VAST";"CEC_PBL";"ICP_CEC_BACL2_V";"Mg_CEC_ICP";"486,2000";NA;"484,790000";"12,8900000";"1";"4,68200000000000e+02";NA;"3";"1";"2";"5,05420758710000e+02";"4,61990000000000e+02";NA;"8,78226622233693e+00";NA;NA;"NANA";"1";"T";"0,00000000000000";NA;NA;NA
"QC_VAST";"ICP_BACL2_MIX_RF";"ICP_CEC_BACL2_V";"Mg_CEC_ICP";"5,0000";NA;"5,120000";"0,1900000";"1";"5,20080000000000e+00";NA;"4";"2";"2";"5,13275000000000e+00";"5,21965000000000e+00";"1,87736850405029e-01";"2,66579256507329e-02";NA;NA;"NANA";"0";"T";"5,12000000000000";"0,1900000000000000";"4,55000000000000";"5,69000000000000"
"QC_VAST";"ICP_BACL2_MIX_RF";"ICP_CEC_BACL2_V";"Mg_ICP";"6,3000";NA;"6,350000";"0,2600000";"1";"6,39110000000000e+00";NA;"4";"2";"2";"6,32500000000000e+00";"6,38785000000000e+00";"2,47487373415291e-01";"4,59619407771252e-03";NA;NA;"NANA";"0";"T";"6,35000000000000";"0,2600000000000000";"5,57000000000000";"7,13000000000000"
"QC_VAST";"ICP_BACL2_MIX_RF";"ICP_CEC_BACL2_V";"Mn_ICP";"2,5000";NA;"2,560000";"0,1300000";"1";"2,63340000000000e+00";NA;"4";"2";"2";"2,57675000000000e+00";"2,59200000000000e+00";"4,77297077300919e-02";"5,85484414822460e-02";NA;NA;"NANA";"0";"T";"2,56000000000000";"0,1300000000000000";"2,17000000000000";"2,95000000000000"
"QC_VAST";"ICP_BACL2_MIX_RF";"ICP_CEC_BACL2_V";"Na_ICP";"2,5000";NA;"2,620000";"0,1300000";"1";"2,54940000000000e+00";NA;"4";"2";"2";"2,55335000000000e+00";"2,58120000000000e+00";"7,54482935526046e-02";"4,49719912834645e-02";NA;NA;"NANA";"0";"T";"2,62000000000000";"0,1300000000000000";"2,23000000000000";"3,01000000000000"
"QC_VAST";"ICP_COHEX_MIX2_RF";"ICP_CEC_COHEX_V";"Al_ICP";"24,0000";NA;"24,130000";"0,2400000";"2";"2,39210000000000e+01";"1,11722871427475e-01";"2";"1";"1";"2,38420000000000e+01";"2,40000000000000e+01";NA;NA;NA;NA;"NANA";"0";"T";"24,13000000000000";"0,2400000000000000";"23,41000000000000";"24,85000000000000"
"QC_VAST";"ICP_COHEX_MIX2_RF";"ICP_CEC_COHEX_V";"Ca_ICP";"160,0000";NA;"161,110000";"2,2300000";"2";"1,57475000000000e+02";"3,57088924499207e+00";"2";"1";"1";"1,54950000000000e+02";"1,60000000000000e+02";NA;NA;NA;NA;"NANA";"0";"T";"161,11000000000001";"2,2300000000000000";"154,42000000000002";"167,80000000000001"
"QC_VAST";"ICP_COHEX_MIX2_RF";"ICP_CEC_COHEX_V";"Co_CEC_ICP";"480,0000";NA;"476,210000";"13,9500000";"2";"4,50030000000000e+02";"1,84837712602164e+01";"2";"1";"1";"4,63100000000000e+02";"4,36960000000000e+02";NA;NA;NA;NA;"NANA";"0";"T";"476,20999999999998";"13,9499999999999993";"434,36000000000001";"518,05999999999995"
"QC_VAST";"ALG_ISE847_MRF";"ICP_CEC_COHEX_V";"EXCH.Al.DS";"0,0300";"2,440e-02";"0,030000";"0,0244000";"0";NA;NA;"2";"1";"1";"-2,63422206000000e-02";"-3,73366260000000e-02";NA;NA;NA;NA;"NANA";"0";NA;"0,03000000000000";"0,0244000000000000";"-0,04320000000000";"0,10320000000000"
"QC_VAST";"ALG_ISE961_MRF";"ICP_CEC_COHEX_V";"EXCH.Al.DS";"0,0440";"1,600e-02";"0,044000";"0,0160000";"0";NA;NA;"2";"1";"1";"-1,02778089000000e-03";"-1,02778089000000e-03";NA;NA;NA;NA;"NANA";"0";NA;"0,04400000000000";"0,0160000000000000";"-0,00400000000000";"0,09200000000000"
"QC_VAST";"ICP_COHEX_PBL";"ICP_CEC_COHEX_V";"EXCH.Al.DS";"0,0000";NA;"0,000000";"0,0250000";"2";"1,52970803200000e-03";"5,60713781353767e-03";"5";"2";"3";"-6,75747467200000e-03";"-1,32637700266667e-03";"2,56756465403070e-03";"6,33968945656983e-03";NA;NA;"NANA";"1";"T";"0,00000000000000";"0,0100000000000000";"-0,02000000000000";"0,02000000000000"
"QC_VAST";"ALG_ISE847_MRF";"ICP_CEC_COHEX_V";"EXCH.Ca.DS";"21,0000";"2,310e+00";"21,490000";"1,0200000";"2";"2,08122393210000e+01";"1,15117361572190e-01";"5";"2";"3";"1,96808290815000e+01";"2,08665834893333e+01";"2,24522892049759e-01";"1,24442233036844e-01";NA;NA;"NANA";"0";"T";"21,49000000000000";"1,0200000000000000";"18,43000000000000";"24,55000000000000"
"QC_VAST";"ALG_ISE961_MRF";"ICP_CEC_COHEX_V";"EXCH.Ca.DS";"8,0700";"2,210e-01";"7,820000";"0,3900000";"2";"7,82856993550000e+00";"5,01330121746461e-01";"5";"2";"3";"7,34476521610000e+00";"7,75350492733333e+00";"2,04155523381858e-02";"3,77584708162745e-01";NA;NA;"NANA";"0";"T";"7,82000000000000";"0,3900000000000000";"6,65000000000000";"8,99000000000000"
"QC_VAST";"ICP_COHEX_PBL";"ICP_CEC_COHEX_V";"EXCH.Ca.DS";"0,0000";NA;"0,000000";"0,0250000";"2";"7,56293886100000e-03";"1,45275366780706e-02";"5";"2";"3";"-1,09843454015000e-02";"-6,69456770600000e-03";"1,87900443589365e-03";"2,67461051648738e-02";NA;NA;"NANA";"1";"T";"0,00000000000000";"0,0750000000000000";"-0,15000000000000";"0,15000000000000"
"QC_VAST";"ICP_COHEX_PBL";"ICP_CEC_COHEX_V";"EXCH.Fe.DS";"0,0000";NA;"0,000000";"0,0250000";"2";"9,06451613050000e-04";"1,07510643961628e-03";"5";"2";"3";"-1,02150537635000e-03";"2,38709677366667e-04";"7,60329872311269e-04";"1,38403930806266e-03";NA;NA;"NANA";"1";"T";"0,00000000000000";"0,0050000000000000";"-0,01000000000000";"0,01000000000000"
"QC_VAST";"ALG_ISE847_MRF";"ICP_CEC_COHEX_V";"EXCH.K.DS";"1,5100";"1,760e-01";"1,432000";"0,0510000";"2";"1,41892864985000e+00";"3,21083863909519e-02";"5";"2";"3";"1,33741912510000e+00";"1,43815490026667e+00";"1,54245733320476e-02";"4,03040984711042e-02";NA;NA;"NANA";"0";"T";"1,43200000000000";"0,0510000000000000";"1,27900000000000";"1,58500000000000"
"QC_VAST";"ALG_ISE961_MRF";"ICP_CEC_COHEX_V";"EXCH.K.DS";"0,1830";"1,710e-02";"0,163000";"0,0060000";"2";"1,57997034250000e-01";"6,27719231111293e-03";"5";"2";"3";"1,48200944800000e-01";"1,56412155100000e-01";"4,13484932939515e-04";"5,21891726468832e-03";NA;NA;"NANA";"0";"T";"0,16300000000000";"0,0060000000000000";"0,14500000000000";"0,18100000000000"
"QC_VAST";"ICP_COHEX_PBL";"ICP_CEC_COHEX_V";"EXCH.K.DS";"0,0000";NA;"0,000000";"0,0250000";"2";"4,97010942950000e-04";"4,90205044658670e-04";"5";"2";"3";"-6,99634826050000e-04";"4,01417354966667e-04";"4,21163588122107e-04";"3,84141764320135e-04";NA;NA;"NANA";"1";"T";"0,00000000000000";"0,0050000000000000";"-0,01000000000000";"0,01000000000000"
"QC_VAST";"ALG_ISE847_MRF";"ICP_CEC_COHEX_V";"EXCH.Mg.DS";"6,7900";"5,130e-01";"6,800000";"0,3100000";"2";"6,36685951310000e+00";"8,51349227608644e-02";"4";"2";"2";"6,45242912740000e+00";"6,36685951310000e+00";"3,17075739853286e-01";"8,51349227608644e-02";NA;NA;"NANA";"0";"T";"6,80000000000000";"0,3100000000000000";"5,87000000000000";"7,73000000000000"
"QC_VAST";"ALG_ISE961_MRF";"ICP_CEC_COHEX_V";"EXCH.Mg.DS";"0,6820";"2,990e-02";"0,617000";"0,0210000";"2";"6,20127851400000e-01";"4,07916475522958e-02";"5";"2";"3";"5,71151231200000e-01";"6,12826813900000e-01";"2,19058747732665e-02";"3,14943598243333e-02";NA;NA;"NANA";"0";"T";"0,61700000000000";"0,0210000000000000";"0,55400000000000";"0,68000000000000"
"QC_VAST";"ICP_COHEX_PBL";"ICP_CEC_COHEX_V";"EXCH.Mg.DS";"0,0000";NA;"0,000000";"0,0500000";"2";"-5,86884293600000e-03";"2,62362695756777e-03";"5";"2";"3";"-9,22097080000000e-05";"-7,52708510400000e-03";"8,46519622815050e-04";"3,41921196614632e-03";NA;NA;"NANA";"1";"T";"0,00000000000000";"0,0250000000000000";"-0,05000000000000";"0,05000000000000"
"QC_VAST";"ALG_ISE847_MRF";"ICP_CEC_COHEX_V";"EXCH.Mn.DS";"0,6120";"1,840e-02";"0,594000";"0,0320000";"2";"6,15697078800000e-01";"1,19126341651894e-02";"5";"2";"3";"5,51044924300000e-01";"6,09702341200000e-01";"9,22459347519562e-03";"1,33703426678369e-02";NA;NA;"NANA";"0";"T";"0,59400000000000";"0,0320000000000000";"0,49800000000000";"0,69000000000000"
"QC_VAST";"ALG_ISE961_MRF";"ICP_CEC_COHEX_V";"EXCH.Mn.DS";"0,4020";"2,000e-02";"0,362000";"0,0140000";"2";"3,64639096750000e-01";"1,22930432592002e-02";"5";"2";"3";"3,47318716600000e-01";"3,63996972966667e-01";"9,99311347027774e-03";"8,76335695642088e-03";NA;NA;"NANA";"0";"T";"0,36200000000000";"0,0140000000000000";"0,32000000000000";"0,40400000000000"
"QC_VAST";"ICP_COHEX_PBL";"ICP_CEC_COHEX_V";"EXCH.Mn.DS";"0,0000";NA;"0,000000";"0,0250000";"2";"-9,05455172050000e-04";"6,03738241957793e-04";"5";"2";"3";"-9,28285402300000e-04";"-1,32806342870000e-03";"0,00000000000000e+00";"8,47374266878220e-04";NA;NA;"NANA";"1";"T";"0,00000000000000";"0,0050000000000000";"-0,01000000000000";"0,01000000000000"
"QC_VAST";"ALG_ISE847_MRF";"ICP_CEC_COHEX_V";"EXCH_Na.DS";"0,3010";"1,480e-02";"0,287000";"0,0180000";"2";"2,82891213000000e-01";"1,67459234093757e-03";"5";"2";"3";"2,66919807450000e-01";"2,80367273300000e-01";"3,85864868304832e-03";"4,52912183341006e-03";NA;NA;"NANA";"0";"T";"0,28700000000000";"0,0180000000000000";"0,23300000000000";"0,34100000000000"
"QC_VAST";"ALG_ISE961_MRF";"ICP_CEC_COHEX_V";"EXCH_Na.DS";"0,0729";"7,000e-03";"0,072000";"0,0070000";"0";NA;NA;"3";"1";"2";"6,72218769100000e-02";"7,14690007200000e-02";NA;"2,53054464701554e-03";NA;NA;"NANA";"0";NA;"0,07200000000000";"0,0070000000000000";"0,05100000000000";"0,09300000000000"
"QC_VAST";"ICP_COHEX_PBL";"ICP_CEC_COHEX_V";"EXCH_Na.DS";"0,0000";NA;"0,000000";"0,1000000";"2";"4,47838200350000e-03";"3,22224148052527e-03";"5";"2";"3";"2,45258808150000e-03";"3,67936790666667e-03";"9,01491942179280e-04";"2,66583770327903e-03";NA;NA;"NANA";"1";"T";"0,00000000000000";"0,0250000000000000";"-0,05000000000000";"0,05000000000000"
"QC_VAST";"ICP_COHEX_MIX2_RF";"ICP_CEC_COHEX_V";"Fe_ICP";"16,0000";NA;"16,000000";"0,3900000";"2";"1,54565000000000e+01";"7,44583440589435e-01";"2";"1";"1";"1,59830000000000e+01";"1,49300000000000e+01";NA;NA;NA;NA;"NANA";"0";"T";"16,00000000000000";"0,3900000000000000";"14,83000000000000";"17,17000000000000"
"QC_VAST";"ICP_COHEX_MIX2_RF";"ICP_CEC_COHEX_V";"K_ICP";"16,0000";NA;"16,050000";"0,1500000";"2";"1,59220000000000e+01";"1,10308657865102e-01";"2";"1";"1";"1,58440000000000e+01";"1,60000000000000e+01";NA;NA;NA;NA;"NANA";"0";"T";"16,05000000000000";"0,1500000000000000";"15,60000000000000";"16,50000000000000"
"QC_VAST";"ICP_COHEX_MIX2_RF";"ICP_CEC_COHEX_V";"Mg_ICP";"28,0000";NA;"27,850000";"0,4000000";"2";"2,80000000000000e+01";"0,00000000000000e+00";"2";"1";"1";"2,80000000000000e+01";"2,80000000000000e+01";NA;NA;NA;NA;"NANA";"0";"T";"27,85000000000000";"0,4000000000000000";"26,65000000000000";"29,05000000000000"
"QC_VAST";"ICP_COHEX_MIX2_RF";"ICP_CEC_COHEX_V";"Mn_ICP";"12,0000";NA;"12,070000";"0,3600000";"2";"1,19125000000000e+01";"1,23743686707646e-01";"2";"1";"1";"1,18250000000000e+01";"1,20000000000000e+01";NA;NA;NA;NA;"NANA";"0";"T";"12,07000000000000";"0,3600000000000000";"10,99000000000000";"13,15000000000000"
"QC_VAST";"ICP_COHEX_MIX2_RF";"ICP_CEC_COHEX_V";"Na_ICP";"12,0000";NA;"12,300000";"0,3200000";"2";"1,18565000000000e+01";"2,02939646200540e-01";"2";"1";"1";"1,17130000000000e+01";"1,20000000000000e+01";NA;NA;NA;NA;"NANA";"0";"T";"12,30000000000000";"0,3200000000000000";"11,34000000000000";"13,26000000000000"
"QC_VAST";"ICP_COHEX_PBL";"ICP_CEC_COHEX_V";"PBL_Co";"1000,0000";NA;"984,381000";"16,0600000";"2";"1,00535000000000e+03";"7,56604255869609e+00";"5";"2";"3";"9,75725000000000e+02";"1,00373666666667e+03";"1,89292485323639e+01";"6,03581256612013e+00";NA;NA;"NANA";"1";"T";"0,00000000000000";NA;NA;NA
"QC_VAST";"ALG_ISE847_MRF";"ICP_CEC_COHEX_V";"T.CEC.DS";"28,9000";"1,280e+00";"31,570000";"2,0000000";"2";"3,43852758865000e+01";"1,02383990475267e+00";"5";"2";"3";"2,89185643730000e+01";"3,37027711296667e+01";"3,96098011576146e-01";"1,38620427952822e+00";NA;NA;"NANA";"0";"T";"31,57000000000000";"2,0000000000000000";"25,57000000000000";"37,57000000000000"
"QC_VAST";"ALG_ISE961_MRF";"ICP_CEC_COHEX_V";"T.CEC.DS";"8,9400";"5,240e-01";"8,686000";"0,6800000";"2";"1,02541019085000e+01";"8,13200608874225e-02";"5";"2";"3";"8,70306887385000e+00";"9,76236002150000e+00";"2,05458798749197e-01";"8,53660779491673e-01";NA;NA;"NANA";"0";"T";"8,68600000000000";"0,6800000000000000";"6,64600000000000";"10,72600000000000"
"QC_VAST";"ALG_ISE861_MRF";"ICP_MET_OXAL";"OXAL.Al.DS";"835,0000";"6,510e+01";"905,180000";"1,4000000";"0";NA;NA;"2";"1";"1";"9,04192471680000e+02";"9,04192471680000e+02";NA;NA;NA;NA;"NANA";"0";"T";"905,17999999999995";"1,3999999999999999";"900,97999999999990";"909,38000000000000"
"QC_VAST";"ICP_OXALAAT_PBL";"ICP_MET_OXAL";"OXAL.Al.DS";"0,0000";NA;"0,000000";"5,0000000";"0";NA;NA;"3";"1";"2";"-2,02000000000000e+00";"4,04000000000000e+00";NA;"5,71342279198730e+00";NA;NA;"NANA";"1";"T";"0,00000000000000";"37,5000000000000000";"-75,00000000000000";"75,00000000000000"
"QC_VAST";"ICP_OXALAAT_RF";"ICP_MET_OXAL";"OXAL.Al.ICP";"40,0000";NA;"39,650000";"0,8300000";"3";"3,89763333333333e+01";"1,03440095385365e+00";"7";"3";"4";"3,90626666666667e+01";"3,91630000000000e+01";"1,09842857452514e+00";"9,23418287307184e-01";NA;NA;"NANA";"0";"T";"39,65000000000000";"0,8300000000000000";"37,16000000000000";"42,14000000000000"
"QC_VAST";"ALG_ISE861_MRF";"ICP_MET_OXAL";"OXAL.Fe.DS";"1360,0000";"3,230e+02";"1581,190000";"2,4900000";"0";NA;NA;"2";"1";"1";"1,58294776630000e+03";"1,58294776630000e+03";NA;NA;NA;NA;"NANA";"0";"T";"1581,19000000000005";"2,4900000000000002";"1573,72000000000003";"1588,66000000000008"
"QC_VAST";"ICP_OXALAAT_PBL";"ICP_MET_OXAL";"OXAL.Fe.DS";"0,0000";NA;"0,000000";"0,5000000";"0";NA;NA;"2";"1";"1";NA;NA;NA;NA;NA;NA;"NANA";"1";"T";"0,00000000000000";"125,0000000000000000";"-250,00000000000000";"250,00000000000000"
"QC_VAST";"ICP_OXALAAT_RF";"ICP_MET_OXAL";"OXAL.Fe.ICP";"80,0000";NA;"80,140000";"1,3700000";"3";"8,06023333333333e+01";"2,43452343043425e+00";"7";"3";"4";"8,03223333333333e+01";"8,03155000000000e+01";"1,59905419962343e+00";"2,06890381603399e+00";NA;NA;"NANA";"0";"T";"80,14000000000000";"1,3700000000000001";"76,03000000000000";"84,25000000000000"
"QC_VAST";"ALG_ISE861_MRF";"ICP_MET_OXAL";"OXAL.P.DS";"260,0000";"2,580e+01";"279,070000";"2,1200000";"0";NA;NA;"2";"1";"1";"2,77570797050000e+02";"2,77570797050000e+02";NA;NA;NA;NA;"NANA";"0";"T";"279,06999999999999";"2,1200000000000001";"272,70999999999998";"285,43000000000001"
"QC_VAST";"ICP_OXALAAT_PBL";"ICP_MET_OXAL";"OXAL.P.DS";"0,0000";NA;"0,000000";"5,0000000";"2";"8,90000000000000e+00";"6,08111831820431e+00";"6";"3";"3";"1,20000000000000e+00";"6,13333333333333e+00";"7,43236167042482e+00";"6,43842630876003e+00";NA;NA;"NANA";"1";"T";"0,00000000000000";"37,5000000000000000";"-75,00000000000000";"75,00000000000000"
"QC_VAST";"ICP_OXALAAT_RF";"ICP_MET_OXAL";"OXAL.P.ICP";"40,0000";NA;"40,190000";"0,6700000";"3";"3,91510000000000e+01";"7,56099861129470e-01";"7";"3";"4";"3,99903333333333e+01";"3,94892500000000e+01";"7,81544837698603e-01";"9,15847649266332e-01";NA;NA;"NANA";"0";"T";"40,19000000000000";"0,6700000000000000";"38,18000000000000";"42,20000000000000"
"QC_VAST";"ICP_MINMET_PE_HG_RF";"ICP_MINMET_HNO3_12";"AL_ICP";"30,0000";NA;"29,810000";"0,5100000";"9";"3,00607777777778e+01";"3,41986760627432e-01";"20";"10";"10";"2,99724000000000e+01";"3,00547000000000e+01";"3,76694158288776e-01";"3,23000533195295e-01";NA;NA;"NANA";"0";"T";"29,81000000000000";"0,5100000000000000";"28,28000000000000";"31,34000000000000"
"QC_VAST";"ICP_MINMET_PE_LG_RF";"ICP_MINMET_HNO3_12";"AL_ICP";"6,0000";NA;"5,788000";"0,1530000";"9";"5,83028888888889e+00";"1,55150350019299e-01";"20";"10";"10";"5,79376000000000e+00";"5,84726000000000e+00";"1,44433923377516e-01";"1,55811397386570e-01";NA;NA;"NANA";"0";"T";"5,78800000000000";"0,1530000000000000";"5,32900000000000";"6,24700000000000"
"QC_VAST";"ICP_MINMET_PE_HG_RF";"ICP_MINMET_HNO3_12";"AS_ICP";"0,3000";NA;"0,300000";"0,0040000";"8";"3,03512500000000e-01";"5,70374250570874e-03";"16";"8";"8";"3,03425000000000e-01";"3,03512500000000e-01";"5,36649659594467e-03";"5,70374250570874e-03";NA;NA;"NANA";"0";"T";"0,30000000000000";"0,0040000000000000";"0,28800000000000";"0,31200000000000"
"QC_VAST";"ICP_MINMET_PE_LG_RF";"ICP_MINMET_HNO3_12";"AS_ICP";"0,0600";NA;"0,059000";"0,0020000";"8";"5,89604427387500e-02";"2,88809446589135e-03";"18";"9";"9";"5,96444444444444e-02";"5,83537268788889e-02";"1,67489634836839e-03";"3,25751295467666e-03";NA;NA;"NANA";"0";"T";"0,05900000000000";"0,0020000000000000";"0,05300000000000";"0,06500000000000"
"QC_VAST";"ICP_MINMET_PE_HG_RF";"ICP_MINMET_HNO3_12";"CA_ICP";"30,0000";NA;"29,688000";"0,6880000";"9";"3,01663333333333e+01";"7,93188187002302e-01";"20";"10";"10";"3,02765000000000e+01";"3,01525000000000e+01";"4,69796705442306e-01";"7,49103352904880e-01";NA;NA;"NANA";"0";"T";"29,68800000000000";"0,6879999999999999";"27,62400000000000";"31,75200000000000"
"QC_VAST";"ICP_MINMET_PE_LG_RF";"ICP_MINMET_HNO3_12";"CA_ICP";"6,0000";NA;"5,965000";"0,1740000";"9";"5,99578888888889e+00";"1,76001430707569e-01";"20";"10";"10";"6,04106000000000e+00";"6,03125000000000e+00";"2,30962686741098e-01";"2,00273747378155e-01";NA;NA;"NANA";"0";"T";"5,96500000000000";"0,1740000000000000";"5,44300000000000";"6,48700000000000"
"QC_VAST";"ICP_MINMET_PE_HG_RF";"ICP_MINMET_HNO3_12";"CD_ICP";"0,0150";NA;"0,015000";"0,0010000";"9";"1,63111111111111e-02";"8,90848534326185e-04";"20";"10";"10";"1,55800000000000e-02";"1,62800000000000e-02";"6,46013415753368e-04";"8,45642425089418e-04";NA;NA;"NANA";"0";"T";"0,01500000000000";"0,0010000000000000";"0,01200000000000";"0,01800000000000"
"QC_VAST";"ICP_MINMET_PE_LG_RF";"ICP_MINMET_HNO3_12";"CD_ICP";"0,0030";NA;"0,003000";"0,0002000";"9";"3,18888888888889e-03";"1,76383420737639e-04";"20";"10";"10";"3,01000000000000e-03";"3,17000000000000e-03";"1,28668393770792e-04";"1,76698110409314e-04";NA;NA;"NANA";"0";"T";"0,00300000000000";"0,0002000000000000";"0,00240000000000";"0,00360000000000"
"QC_VAST";"ICP_MINMET_PE_HG_RF";"ICP_MINMET_HNO3_12";"CO_ICP";"0,0300";NA;"0,030000";"0,0010000";"9";"3,03888888888889e-02";"7,11414865680435e-04";"20";"10";"10";"3,03600000000000e-02";"3,02600000000000e-02";"1,61465510593164e-03";"7,84856674813943e-04";NA;NA;"NANA";"0";"T";"0,03000000000000";"0,0010000000000000";"0,02700000000000";"0,03300000000000"
"QC_VAST";"ICP_MINMET_PE_LG_RF";"ICP_MINMET_HNO3_12";"CO_ICP";"0,0060";NA;"0,006000";"0,0003000";"8";"5,87500000000000e-03";"2,49284690951645e-04";"19";"9";"10";"5,88888888888889e-03";"5,85000000000000e-03";"3,01846171271247e-04";"2,54950975679639e-04";NA;NA;"NANA";"0";"T";"0,00600000000000";"0,0003000000000000";"0,00510000000000";"0,00690000000000"
"QC_VAST";"ICP_MINMET_PE_HG_RF";"ICP_MINMET_HNO3_12";"CR_ICP";"0,3000";NA;"0,296000";"0,0100000";"8";"2,99175000000000e-01";"6,90563951729723e-03";"19";"9";"10";"3,00788888888889e-01";"2,98740000000000e-01";"3,83518071427033e-03";"6,17345572232891e-03";NA;NA;"NANA";"0";"T";"0,29600000000000";"0,0100000000000000";"0,26600000000000";"0,32600000000000"
"QC_VAST";"ICP_MINMET_PE_LG_RF";"ICP_MINMET_HNO3_12";"CR_ICP";"0,0600";NA;"0,061000";"0,0010000";"7";"6,01571428571429e-02";"1,87958962086333e-03";"15";"7";"8";"6,06000000000000e-02";"5,99250000000000e-02";"1,21106014163900e-03";"1,85991551267409e-03";NA;NA;"NANA";"0";"T";"0,06100000000000";"0,0010000000000000";"0,05800000000000";"0,06400000000000"
"QC_VAST";"ICP_MINMET_PE_HG_RF";"ICP_MINMET_HNO3_12";"CU_ICP";"0,6000";NA;"0,584000";"0,0300000";"9";"6,06888888888889e-01";"1,60397509678645e-02";"20";"10";"10";"6,01530000000000e-01";"6,05860000000000e-01";"2,98023134821592e-02";"1,54684769055579e-02";NA;NA;"NANA";"0";"T";"0,58400000000000";"0,0300000000000000";"0,49400000000000";"0,67400000000000"
"QC_VAST";"ICP_MINMET_PE_LG_RF";"ICP_MINMET_HNO3_12";"CU_ICP";"0,1200";NA;"0,121000";"0,0030000";"9";"1,19344444444444e-01";"3,37939014879576e-03";"20";"10";"10";"1,20480000000000e-01";"1,19180000000000e-01";"4,04194672569213e-03";"3,22827783466321e-03";NA;NA;"NANA";"0";"T";"0,12100000000000";"0,0030000000000000";"0,11200000000000";"0,13000000000000"
"QC_VAST";"ICP_MINMET_PE_HG_RF";"ICP_MINMET_HNO3_12";"FE_ICP";"30,0000";NA;"29,559000";"0,8550000";"9";"3,00905555555556e+01";"6,31490718679046e-01";"20";"10";"10";"3,02597000000000e+01";"3,00608000000000e+01";"5,62163094167916e-01";"6,02764888751088e-01";NA;NA;"NANA";"0";"T";"29,55900000000000";"0,8550000000000000";"26,99400000000000";"32,12400000000000"
"QC_VAST";"ICP_MINMET_PE_LG_RF";"ICP_MINMET_HNO3_12";"FE_ICP";"6,0000";NA;"5,929000";"0,1750000";"9";"5,97721111111111e+00";"1,29775059665219e-01";"20";"10";"10";"6,03931000000000e+00";"6,00961000000000e+00";"2,15528231973859e-01";"1,59584338203973e-01";NA;NA;"NANA";"0";"T";"5,92900000000000";"0,1750000000000000";"5,40400000000000";"6,45400000000000"
"QC_VAST";"ALG_FSCC_MRF";"ICP_MINMET_HNO3_12";"IN_ICP";NA;"0,000e+00";"4,816000";"0,6858318";"0";NA;NA;"7";"3";"4";"4,22876666666667e+00";"4,55237500000000e+00";"2,71679155132177e-01";"1,15788640058801e-01";NA;NA;"NANA";"0";NA;"4,81600000000000";"0,6858318000000000";"2,75850460000000";"6,87349540000000"
"QC_VAST";"ICP_MINMET_PE_HG_RF";"ICP_MINMET_HNO3_12";"IN_ICP";"3,0000";NA;"2,999000";"0,0960000";"9";"3,01592222222222e+00";"8,16603909153296e-02";"9";"4";"5";"3,02762500000000e+00";"3,00656000000000e+00";"1,20111958189016e-01";"4,76461750825814e-02";NA;NA;"NANA";"0";"T";"2,99900000000000";"0,0960000000000000";"2,71100000000000";"3,28700000000000"
"QC_VAST";"ICP_MINMET_PE_LG_RF";"ICP_MINMET_HNO3_12";"IN_ICP";"0,6000";NA;"0,606000";"0,0170000";"9";"5,94188888888889e-01";"2,00985972423727e-02";"9";"4";"5";"5,99075000000000e-01";"5,90280000000000e-01";"2,49756381299858e-02";"1,72365019653061e-02";NA;NA;"NANA";"0";"T";"0,60600000000000";"0,0170000000000000";"0,55500000000000";"0,65700000000000"
"QC_VAST";"ICP_MINMET_PE_HG_RF";"ICP_MINMET_HNO3_12";"K_ICP";"30,0000";NA;"29,201000";"1,0100000";"9";"2,99990000000000e+01";"7,95361710167142e-01";"20";"10";"10";"2,97442000000000e+01";"2,99943000000000e+01";"3,92005328761967e-01";"7,50021488581049e-01";NA;NA;"NANA";"0";"T";"29,20100000000000";"1,0100000000000000";"26,17100000000000";"32,23100000000000"
"QC_VAST";"ICP_MINMET_PE_LG_RF";"ICP_MINMET_HNO3_12";"K_ICP";"6,0000";NA;"5,959000";"0,3390000";"9";"6,00573333333333e+00";"1,35150138734668e-01";"20";"10";"10";"6,02989000000000e+00";"6,03864000000000e+00";"2,16891009239408e-01";"1,64513040347701e-01";NA;NA;"NANA";"0";"T";"5,95900000000000";"0,3390000000000000";"4,94200000000000";"6,97600000000000"
"QC_VAST";"ICP_MINMET_PE_HG_RF";"ICP_MINMET_HNO3_12";"MG_ICP";"6,0000";NA;"5,981000";"0,2000000";"8";"6,13370000000000e+00";"1,76974840826922e-01";"19";"9";"10";"6,17075555555556e+00";"6,14149000000000e+00";"1,71123618410136e-01";"1,56952798637042e-01";NA;NA;"NANA";"0";"T";"5,98100000000000";"0,2000000000000000";"5,38100000000000";"6,58100000000000"
"QC_VAST";"ICP_MINMET_PE_LG_RF";"ICP_MINMET_HNO3_12";"MG_ICP";"1,2000";NA;"1,214000";"0,0400000";"9";"1,21136666666667e+00";"2,97196904425332e-02";"20";"10";"10";"1,23688000000000e+00";"1,22093000000000e+00";"5,15802460034632e-02";"4,12273385564050e-02";NA;NA;"NANA";"0";"T";"1,21400000000000";"0,0400000000000000";"1,09400000000000";"1,33400000000000"
"QC_VAST";"ICP_MINMET_PE_HG_RF";"ICP_MINMET_HNO3_12";"MN_ICP";"3,0000";NA;"3,053000";"0,0440000";"8";"3,03463750000000e+00";"4,50093938607741e-02";"19";"9";"10";"3,02585555555556e+00";"3,03322000000000e+00";"4,04774354150282e-02";"4,18718892708595e-02";NA;NA;"NANA";"0";"T";"3,05300000000000";"0,0440000000000000";"2,92100000000000";"3,18500000000000"
"QC_VAST";"ICP_MINMET_PE_LG_RF";"ICP_MINMET_HNO3_12";"MN_ICP";"0,6000";NA;"0,594000";"0,0170000";"9";"6,02611111111111e-01";"1,28639461718056e-02";"20";"10";"10";"6,09110000000000e-01";"6,06320000000000e-01";"1,95660391722211e-02";"1,68716593401150e-02";NA;NA;"NANA";"0";"T";"0,59400000000000";"0,0170000000000000";"0,54300000000000";"0,64500000000000"
"QC_VAST";"ICP_MINMET_PE_HG_RF";"ICP_MINMET_HNO3_12";"NA_ICP";"3,0000";NA;"2,920000";"0,0880000";"9";"2,99432222222222e+00";"9,58798046746261e-02";"20";"10";"10";"2,98845000000000e+00";"2,99577000000000e+00";"8,29369271729360e-02";"9,05122097349917e-02";NA;NA;"NANA";"0";"T";"2,92000000000000";"0,0880000000000000";"2,65600000000000";"3,18400000000000"
"QC_VAST";"ICP_MINMET_PE_LG_RF";"ICP_MINMET_HNO3_12";"NA_ICP";"0,6000";NA;"0,594000";"0,0200000";"9";"5,90722222222222e-01";"2,01806081287072e-02";"20";"10";"10";"6,07140000000000e-01";"5,94490000000000e-01";"1,37788243330119e-02";"2,24492241885252e-02";NA;NA;"NANA";"0";"T";"0,59400000000000";"0,0200000000000000";"0,53400000000000";"0,65400000000000"
"QC_VAST";"ICP_MINMET_PE_HG_RF";"ICP_MINMET_HNO3_12";"NI_ICP";"0,3000";NA;"0,304000";"0,0080000";"9";"3,05222222222222e-01";"9,40674994057164e-03";"20";"10";"10";"3,03700000000000e-01";"3,05000000000000e-01";"8,59495976333416e-03";"8,89656612906850e-03";NA;NA;"NANA";"0";"T";"0,30400000000000";"0,0080000000000000";"0,28000000000000";"0,32800000000000"
"QC_VAST";"ICP_MINMET_PE_LG_RF";"ICP_MINMET_HNO3_12";"NI_ICP";"0,0600";NA;"0,062000";"0,0020000";"8";"5,86875000000000e-02";"1,78200328683359e-03";"18";"9";"9";"6,02333333333333e-02";"5,86000000000000e-02";"2,41609188566992e-03";"1,68745370306862e-03";NA;NA;"NANA";"0";"T";"0,06200000000000";"0,0020000000000000";"0,05600000000000";"0,06800000000000"
"QC_VAST";"ICP_MINMET_PE_HG_RF";"ICP_MINMET_HNO3_12";"P_ICP";"15,0000";NA;"14,898000";"0,7230000";"9";"1,52138888888889e+01";"4,24423268814413e-01";"20";"10";"10";"1,50315000000000e+01";"1,51838000000000e+01";"5,23257372406522e-01";"4,11307076417500e-01";NA;NA;"NANA";"0";"T";"14,89800000000000";"0,7230000000000000";"12,72900000000000";"17,06700000000000"
"QC_VAST";"ICP_MINMET_PE_LG_RF";"ICP_MINMET_HNO3_12";"P_ICP";"3,0000";NA;"3,024000";"0,0690000";"8";"3,01290000000000e+00";"3,64867099092259e-02";"19";"9";"10";"3,00985555555556e+00";"2,99438000000000e+00";"9,30693842129504e-02";"5,06005006562848e-02";NA;NA;"NANA";"0";"T";"3,02400000000000";"0,0690000000000000";"2,81700000000000";"3,23100000000000"
"QC_VAST";"ICP_MINMET_PE_HG_RF";"ICP_MINMET_HNO3_12";"PB_ICP";"1,5000";NA;"1,502000";"0,0240000";"8";"1,49390000000000e+00";"2,63822451118713e-02";"13";"6";"7";"1,51380000000000e+00";"1,49074285714286e+00";"1,93523125233136e-02";"2,68141043198573e-02";NA;NA;"NANA";"0";"T";"1,50200000000000";"0,0240000000000000";"1,43000000000000";"1,57400000000000"
"QC_VAST";"ICP_MINMET_PE_LG_RF";"ICP_MINMET_HNO3_12";"PB_ICP";"0,3000";NA;"0,302000";"0,0050000";"9";"2,99988888888889e-01";"7,51139874531444e-03";"19";"9";"10";"3,01322222222222e-01";"2,99480000000000e-01";"8,65834536412383e-03";"7,26235345998650e-03";NA;NA;"NANA";"0";"T";"0,30200000000000";"0,0050000000000000";"0,28700000000000";"0,31700000000000"
"QC_VAST";"ICP_MINMET_PE_HG_RF";"ICP_MINMET_HNO3_12";"S_ICP";"15,0000";NA;"14,910000";"0,5330000";"9";"1,52453333333333e+01";"3,67341802685183e-01";"20";"10";"10";"1,50695000000000e+01";"1,52094000000000e+01";"3,07921797431318e-01";"3,64497889035192e-01";NA;NA;"NANA";"0";"T";"14,91000000000000";"0,5330000000000000";"13,31100000000000";"16,50900000000000"
"QC_VAST";"ICP_MINMET_PE_LG_RF";"ICP_MINMET_HNO3_12";"S_ICP";"3,0000";NA;"3,002000";"0,0540000";"7";"3,02762857142857e+00";"7,00136109216324e-02";"17";"8";"9";"3,01007500000000e+00";"3,01046666666667e+00";"8,09461858273755e-02";"7,01748174204964e-02";NA;NA;"NANA";"0";"T";"3,00200000000000";"0,0540000000000000";"2,84000000000000";"3,16400000000000"
"QC_VAST";"ICP_MINMET_PE_HG_RF";"ICP_MINMET_HNO3_12";"SE_ICP";"0,1500";NA;"0,149000";"0,0050000";"8";"1,52700000000000e-01";"4,54532727094541e-03";"17";"8";"9";"1,45637500000000e-01";"1,51155555555556e-01";"6,89884824755966e-03";"6,28850361992245e-03";NA;NA;"NANA";"0";"T";"0,14900000000000";"0,0050000000000000";"0,13400000000000";"0,16400000000000"
"QC_VAST";"ICP_MINMET_PE_LG_RF";"ICP_MINMET_HNO3_12";"SE_ICP";"0,0300";NA;"0,029200";"0,0034000";"9";"2,81777777777778e-02";"6,21626450888670e-03";"19";"9";"10";"2,86888888888889e-02";"2,80000000000000e-02";"3,15295276068499e-03";"5,88765186168853e-03";NA;NA;"NANA";"0";"T";"0,02920000000000";"0,0034000000000000";"0,01900000000000";"0,03940000000000"
"QC_VAST";"ALG_FSCC_MRF";"ICP_MINMET_HNO3_12";"ST.Al.DS";"9017,0000";"5,323e+02";"8402,450000";"542,4000000";"2";"8,77026091085000e+03";"1,05121614984753e+03";"8";"4";"4";"8,29774700387500e+03";"8,58780948792500e+03";"2,67027737046542e+02";"1,01922383663869e+03";NA;NA;"NANA";"0";"T";"8402,45000000000073";"542,3999999999999773";"6775,25000000000091";"10029,65000000000146"
"QC_VAST";"ALG_MAPLEA_MRF";"ICP_MINMET_HNO3_12";"ST.Al.DS";NA;NA;"68,050000";"10,6500000";"7";"8,25819075751429e+01";"1,19048514808950e+01";"15";"7";"8";"6,97525544928571e+01";"7,99640297133750e+01";"1,80605882339191e+01";"1,32779993364132e+01";NA;NA;"NANA";"0";"T";"68,05000000000000";"10,6500000000000004";"36,09999999999999";"100,00000000000000"
"QC_VAST";"ICP_MINMET_PBL";"ICP_MINMET_HNO3_12";"ST.Al.DS";"0,0000";NA;"0,000000";"25,0000000";"8";"1,67945914339375e+01";"9,25619297714070e+00";"17";"8";"9";"1,14755220666625e+01";"1,49285257190556e+01";"1,30777126762625e+01";"1,03105422333954e+01";NA;NA;"NANA";"1";"T";"0,00000000000000";"25,0000000000000000";"-50,00000000000000";"50,00000000000000"
"QC_VAST";"ALG_FSCC_MRF";"ICP_MINMET_HNO3_12";"ST.As.DS";NA;NA;"4,340000";"0,6000000";"2";"5,13454920575000e+00";"2,17072661914560e-01";"8";"4";"4";"4,56674508855000e+00";"4,74664197257500e+00";"8,87085048461779e-01";"4,94688802440090e-01";NA;NA;"NANA";"0";"T";"4,34000000000000";"0,6000000000000000";"2,54000000000000";"6,14000000000000"
"QC_VAST";"ALG_MAPLEA_MRF";"ICP_MINMET_HNO3_12";"ST.As.DS";NA;NA;NA;NA;"0";NA;NA;"7";"3";"4";"4,63931151600000e-01";"1,92331698022500e-01";"8,65651077228853e-01";"9,08252886456563e-02";NA;NA;"NANA";NA;NA;NA;NA;NA;NA
"QC_VAST";"ICP_MINMET_PBL";"ICP_MINMET_HNO3_12";"ST.As.DS";"0,0000";NA;"0,000000";"1,0000000";"8";"3,38959102525000e-02";"2,24542951690532e-01";"17";"8";"9";"-1,41045877133750e-01";"3,01296980022222e-02";"4,19511104109936e-01";"2,10344370502485e-01";NA;NA;"NANA";"1";"T";"0,00000000000000";"1,0000000000000000";"-2,00000000000000";"2,00000000000000"
"QC_VAST";"ALG_FSCC_MRF";"ICP_MINMET_HNO3_12";"ST.Ca.DS";"353,6000";"5,240e+01";"391,120000";"72,0100000";"2";"4,63149459820000e+02";"4,97105054218489e+01";"8";"4";"4";"4,28538181795000e+02";"4,55960234650000e+02";"3,21594455709475e+01";"8,32347344268280e+01";NA;NA;"NANA";"0";"T";"391,12000000000000";"72,0100000000000051";"175,08999999999997";"607,15000000000009"
"QC_VAST";"ALG_MAPLEA_MRF";"ICP_MINMET_HNO3_12";"ST.Ca.DS";"22120,0000";"1,548e+03";"21225,890000";"810,8400000";"7";"2,16411549877143e+04";"7,57215429419112e+02";"15";"7";"8";"2,19715277734286e+04";"2,16238903120000e+04";"8,80601957885688e+02";"7,02743918492089e+02";NA;NA;"NANA";"0";"T";"21225,88999999999942";"810,8400000000000318";"18793,36999999999898";"23658,40999999999985"
"QC_VAST";"ICP_MINMET_PBL";"ICP_MINMET_HNO3_12";"ST.Ca.DS";"0,0000";NA;"0,000000";"100,0000000";"8";"4,51568414573375e+01";"3,78050534224363e+01";"17";"8";"9";"1,37754926066250e+01";"4,01871924065222e+01";"1,20189254731849e+01";"3,83776759514373e+01";NA;NA;"NANA";"1";"T";"0,00000000000000";"100,0000000000000000";"-200,00000000000000";"200,00000000000000"
"QC_VAST";"ALG_FSCC_MRF";"ICP_MINMET_HNO3_12";"ST.Cd.DS";NA;NA;NA;NA;"0";NA;NA;"6";"3";"3";"5,24867021766667e-02";"5,15995872000000e-03";"1,23733377985064e-02";"8,93731066799807e-03";NA;NA;"NANA";NA;NA;NA;NA;NA;NA
"QC_VAST";"ALG_MAPLEA_MRF";"ICP_MINMET_HNO3_12";"ST.Cd.DS";NA;NA;NA;NA;"0";NA;NA;"7";"3";"4";"1,35680791933333e-02";"2,41130310875000e-03";"2,35006025239715e-02";"4,82260621750000e-03";NA;NA;"NANA";NA;NA;NA;NA;NA;NA
"QC_VAST";"ICP_MINMET_PBL";"ICP_MINMET_HNO3_12";"ST.Cd.DS";"0,0000";NA;"0,000000";"0,0100000";"7";"1,21943371904286e-02";"1,29678552345182e-02";"16";"8";"8";"0,00000000000000e+00";"1,06700450416250e-02";"0,00000000000000e+00";"1,27565431019041e-02";NA;NA;"NANA";"1";"T";"0,00000000000000";"0,0100000000000000";"-0,02000000000000";"0,02000000000000"
"QC_VAST";"ALG_FSCC_MRF";"ICP_MINMET_HNO3_12";"ST.Co.DS";NA;NA;"3,560000";"0,2800000";"2";"3,74971529695000e+00";"8,83039642827681e-02";"8";"4";"4";"3,60951611480000e+00";"3,70097225562500e+00";"3,08531914025702e-01";"1,45490934937498e-01";NA;NA;"NANA";"0";"T";"3,56000000000000";"0,2800000000000000";"2,72000000000000";"4,40000000000000"
"QC_VAST";"ALG_MAPLEA_MRF";"ICP_MINMET_HNO3_12";"ST.Co.DS";NA;NA;NA;NA;"0";NA;NA;"7";"3";"4";"1,44726178066667e-02";"0,00000000000000e+00";"2,50673093596727e-02";"0,00000000000000e+00";NA;NA;"NANA";NA;NA;NA;NA;NA;NA
"QC_VAST";"ICP_MINMET_PBL";"ICP_MINMET_HNO3_12";"ST.Co.DS";"0,0000";NA;"0,000000";"0,0500000";"8";"8,60849056625000e-03";"1,28287544558188e-02";"17";"8";"9";"1,35416666666250e-02";"7,65199161444444e-03";"2,31186981972132e-02";"1,23385102617769e-02";NA;NA;"NANA";"1";"T";"0,00000000000000";"0,0500000000000000";"-0,10000000000000";"0,10000000000000"
"QC_VAST";"ALG_FSCC_MRF";"ICP_MINMET_HNO3_12";"ST.Cr.DS";"22,0000";"1,740e+00";"20,890000";"0,9800000";"2";"2,31357809265000e+01";"4,78361214316742e-01";"7";"3";"4";"2,02022092236667e+01";"2,22116189157500e+01";"5,93854531900560e-01";"1,41931250805934e+00";NA;NA;"NANA";"0";"T";"20,89000000000000";"0,9800000000000000";"17,95000000000000";"23,83000000000000"
"QC_VAST";"ALG_MAPLEA_MRF";"ICP_MINMET_HNO3_12";"ST.Cr.DS";NA;NA;"1,020000";"0,0700000";"3";"8,76896463700000e-01";"3,29928978501392e-02";"9";"4";"5";"1,05884377465000e+00";"9,31217488260000e-01";"8,88234870401914e-02";"8,67292703864065e-02";NA;NA;"NANA";"0";"T";"1,02000000000000";"0,0700000000000000";"0,81000000000000";"1,23000000000000"
"QC_VAST";"ICP_MINMET_PBL";"ICP_MINMET_HNO3_12";"ST.Cr.DS";"0,0000";NA;"0,000000";"0,2000000";"8";"8,85416666712500e-02";"1,40925054674550e-01";"17";"8";"9";"1,77083333287500e-02";"7,87037037077778e-02";"3,84309058302240e-02";"1,35086849075262e-01";NA;NA;"NANA";"1";"T";"0,00000000000000";"0,2000000000000000";"-0,40000000000000";"0,40000000000000"
"QC_VAST";"ALG_FSCC_MRF";"ICP_MINMET_HNO3_12";"ST.Cu.DS";"3,9000";"4,200e-01";"4,687704";"0,8408465";"2";"4,31466139570000e+00";"7,82326606416830e-01";"8";"4";"4";"4,64597444940000e+00";"4,56711428905000e+00";"3,74598880874129e-01";"7,70137934204810e-01";NA;NA;"NANA";"0";"T";"4,68770400000000";"0,8408465000000001";"2,16516450000000";"7,21024350000000"
"QC_VAST";"ALG_MAPLEA_MRF";"ICP_MINMET_HNO3_12";"ST.Cu.DS";"7,3900";"6,850e-01";"7,580000";"0,2600000";"5";"8,02623455248000e+00";"1,97995231709308e-01";"12";"6";"6";"7,58580320023333e+00";"7,93925674526667e+00";"3,41856212778446e-01";"2,77042457232708e-01";NA;NA;"NANA";"0";"T";"7,58000000000000";"0,2600000000000000";"6,80000000000000";"8,36000000000000"
"QC_VAST";"ICP_MINMET_PBL";"ICP_MINMET_HNO3_12";"ST.Cu.DS";"0,0000";NA;"0,000000";"0,7500000";"8";"7,50000000000000e-02";"1,71362421099167e-01";"17";"8";"9";"3,95833333300000e-02";"6,66666666666667e-02";"1,31138936387305e-01";"1,62232686115799e-01";NA;NA;"NANA";"1";"T";"0,00000000000000";"0,7500000000000000";"-1,50000000000000";"1,50000000000000"
"QC_VAST";"ALG_FSCC_MRF";"ICP_MINMET_HNO3_12";"ST.Fe.DS";"11609,8000";"3,667e+02";"11418,240000";"532,0000000";"2";"1,15886880900000e+04";"2,53369985646813e+02";"8";"4";"4";"1,11867228830000e+04";"1,14176447730000e+04";"3,76240852321580e+02";"5,74582252961146e+02";NA;NA;"NANA";"0";"T";"11418,23999999999978";"532,0000000000000000";"9822,23999999999978";"13014,23999999999978"
"QC_VAST";"ALG_MAPLEA_MRF";"ICP_MINMET_HNO3_12";"ST.Fe.DS";"108,6000";"9,589e+00";"98,680000";"3,8000000";"5";"1,08614542248000e+02";"8,11368915879261e-01";"12";"6";"6";"1,00290592276833e+02";"1,07634030951667e+02";"3,81461015015005e+00";"2,50899781338042e+00";NA;NA;"NANA";"0";"T";"98,68000000000001";"3,7999999999999998";"87,28000000000000";"110,08000000000001"
"QC_VAST";"ICP_MINMET_PBL";"ICP_MINMET_HNO3_12";"ST.Fe.DS";"0,0000";NA;"0,000000";"25,0000000";"8";"9,99994591603750e-01";"5,62947505345679e+00";"17";"8";"9";"2,22604166670000e+00";"8,88884081425556e-01";"7,38420993072884e+00";"5,27643114373288e+00";NA;NA;"NANA";"1";"T";"0,00000000000000";"25,0000000000000000";"-50,00000000000000";"50,00000000000000"
"QC_VAST";"ALG_FSCC_MRF";"ICP_MINMET_HNO3_12";"ST.K.DS";"1640,5000";"1,298e+02";"1708,890000";"129,5200000";"2";"1,83942092710000e+03";"1,67742343809751e+02";"8";"4";"4";"1,70468531287500e+03";"1,80079653457500e+03";"1,20637605731914e+02";"1,70663060876175e+02";NA;NA;"NANA";"0";"T";"1708,89000000000010";"129,5200000000000102";"1320,32999999999993";"2097,45000000000027"
"QC_VAST";"ALG_MAPLEA_MRF";"ICP_MINMET_HNO3_12";"ST.K.DS";"9180,0000";"4,900e+02";"9000,800000";"476,6000000";"7";"9,16781556682857e+03";"3,03301324731507e+02";"15";"7";"8";"9,01981342607143e+03";"9,11905543416250e+03";"4,32449775001943e+02";"3,12842496110752e+02";NA;NA;"NANA";"0";"T";"9000,79999999999927";"476,6000000000000227";"7570,99999999999909";"10430,59999999999854"
"QC_VAST";"ICP_MINMET_PBL";"ICP_MINMET_HNO3_12";"ST.K.DS";NA;"0,000e+00";"0,000000";"40,0000000";"8";"2,97265244656625e+01";"2,94270623836877e+01";"17";"8";"9";"8,37361430190000e+00";"2,64235773028111e+01";"8,16672789081265e+00";"2,92556514217691e+01";NA;NA;"NANA";"1";"T";"0,00000000000000";"40,0000000000000000";"-80,00000000000000";"80,00000000000000"
"QC_VAST";"ALG_FSCC_MRF";"ICP_MINMET_HNO3_12";"ST.Mg.DS";"1348,2000";"5,840e+01";"1320,700000";"195,2000000";"2";"1,30433147925000e+03";"3,60813212782203e+01";"8";"4";"4";"1,21867369475000e+03";"1,25721441842500e+03";"4,31278040850587e+01";"9,16917982614552e+01";NA;NA;"NANA";"0";"T";"1320,70000000000005";"195,1999999999999886";"735,10000000000014";"1906,29999999999995"
"QC_VAST";"ALG_MAPLEA_MRF";"ICP_MINMET_HNO3_12";"ST.Mg.DS";"3050,0000";"1,600e+02";"3019,010000";"150,9500000";"7";"3,01349958548571e+03";"1,35013913435732e+02";"15";"7";"8";"3,01178707792857e+03";"2,99525565147500e+03";"1,34508115127472e+02";"1,35230831282703e+02";NA;NA;"NANA";"0";"T";"3019,01000000000022";"150,9499999999999886";"2566,16000000000031";"3471,86000000000013"
"QC_VAST";"ICP_MINMET_PBL";"ICP_MINMET_HNO3_12";"ST.Mg.DS";"0,0000";NA;"0,000000";"5,0000000";"8";"1,89791666667500e+00";"2,03147724615334e+00";"17";"8";"9";"1,97916666712500e-02";"1,68703703704444e+00";"1,54978837201136e+00";"2,00281534100676e+00";NA;NA;"NANA";"1";"T";"0,00000000000000";"5,0000000000000000";"-10,00000000000000";"10,00000000000000"
"QC_VAST";"ALG_FSCC_MRF";"ICP_MINMET_HNO3_12";"ST.Mn.DS";"112,9000";"5,690e+00";"112,030000";"9,2700000";"2";"1,23219020000000e+02";"1,39092356086531e+01";"8";"4";"4";"1,10873705785000e+02";"1,20197011585000e+02";"9,97119654266971e+00";"1,01001925716050e+01";NA;NA;"NANA";"0";"T";"112,03000000000000";"9,2699999999999996";"84,22000000000000";"139,84000000000000"
"QC_VAST";"ALG_MAPLEA_MRF";"ICP_MINMET_HNO3_12";"ST.Mn.DS";"97,5100";"5,869e+00";"95,990000";"5,0500000";"7";"9,92697393127143e+01";"4,98929478717089e+00";"15";"7";"8";"9,52303089277143e+01";"9,86639749978750e+01";"6,26255438541878e+00";"4,92671431406913e+00";NA;NA;"NANA";"0";"T";"95,98999999999999";"5,0499999999999998";"80,84000000000000";"111,13999999999999"
"QC_VAST";"ICP_MINMET_PBL";"ICP_MINMET_HNO3_12";"ST.Mn.DS";"0,0000";NA;"0,000000";"1,0000000";"8";"-9,37494789096250e-02";"3,14174280837044e-01";"17";"8";"9";"-9,19905817875001e-03";"-8,33328701418889e-02";"3,78664673019377e-01";"2,95539922076562e-01";NA;NA;"NANA";"1";"T";"0,00000000000000";"1,0000000000000000";"-2,00000000000000";"2,00000000000000"
"QC_VAST";"ALG_FSCC_MRF";"ICP_MINMET_HNO3_12";"ST.Na.DS";"51,9000";"8,170e+00";"47,250000";"9,5000000";"2";"5,41085809395000e+01";"1,40119927125775e+00";"7";"3";"4";"4,22635377973333e+01";"5,21065770657500e+01";"9,23809162650304e+00";"8,19603591551298e+00";NA;NA;"NANA";"0";"T";"47,25000000000000";"9,5000000000000000";"18,75000000000000";"75,75000000000000"
"QC_VAST";"ALG_MAPLEA_MRF";"ICP_MINMET_HNO3_12";"ST.Na.DS";NA;NA;NA;NA;"0";NA;NA;"7";"3";"4";"6,32061197720000e+00";"9,56699877415000e+00";"1,81825363178243e+00";"3,20354204197668e+00";NA;NA;"NANA";NA;NA;NA;NA;NA;NA
"QC_VAST";"ICP_MINMET_PBL";"ICP_MINMET_HNO3_12";"ST.Na.DS";"0,0000";NA;"0,000000";"10,0000000";"8";"4,88662655427125e+00";"7,74670239159152e+00";"17";"8";"9";"1,57849463015000e+00";"4,34811249268556e+00";"9,56634496079853e-01";"7,42428109325295e+00";NA;NA;"NANA";"1";"T";"0,00000000000000";"10,0000000000000000";"-20,00000000000000";"20,00000000000000"
"QC_VAST";"ALG_FSCC_MRF";"ICP_MINMET_HNO3_12";"ST.Ni.DS";"4,0000";"4,400e-01";"4,390000";"0,2300000";"1";"4,65430608630000e+00";NA;"7";"3";"4";"4,34997737453333e+00";"4,33687930987500e+00";"2,01725914193066e-01";"3,46446834566520e-01";NA;NA;"NANA";"0";"T";"4,39000000000000";"0,2300000000000000";"3,70000000000000";"5,08000000000000"
"QC_VAST";"ALG_MAPLEA_MRF";"ICP_MINMET_HNO3_12";"ST.Ni.DS";NA;NA;"0,740000";"0,0500000";"4";"8,21190486400000e-01";"2,15652065233533e-02";"10";"5";"5";"7,46041974220000e-01";"7,90676174800000e-01";"4,79740107805481e-02";"7,07418522616254e-02";NA;NA;"NANA";"0";"T";"0,74000000000000";"0,0500000000000000";"0,59000000000000";"0,89000000000000"
"QC_VAST";"ICP_MINMET_PBL";"ICP_MINMET_HNO3_12";"ST.Ni.DS";"0,0000";NA;"0,000000";"0,2500000";"8";"6,92238651287500e-02";"7,04332912913364e-02";"17";"8";"9";"3,12500000050000e-02";"6,15323245588889e-02";"7,05350864012721e-02";"6,98081701801755e-02";NA;NA;"NANA";"1";"T";"0,00000000000000";NA;NA;NA
"QC_VAST";"ALG_FSCC_MRF";"ICP_MINMET_HNO3_12";"ST.P.DS";"105,4000";"5,810e+00";"109,680000";"7,2200000";"2";"1,18712730660000e+02";"7,41126286641769e+00";"8";"4";"4";"1,17126992487500e+02";"1,12434304770000e+02";"8,50154432560501e+00";"9,24280333297382e+00";NA;NA;"NANA";"0";"T";"109,68000000000001";"7,2199999999999998";"88,02000000000001";"131,34000000000000"
"QC_VAST";"ALG_MAPLEA_MRF";"ICP_MINMET_HNO3_12";"ST.P.DS";"1370,0000";"6,500e+01";"1332,100000";"123,2800000";"7";"1,40622684928571e+03";"7,88250380880145e+01";"15";"7";"8";"1,32204950138571e+03";"1,39515384621250e+03";"7,66647340235094e+01";"7,94144265526366e+01";NA;NA;"NANA";"0";"T";"1332,09999999999991";"123,2800000000000011";"962,25999999999988";"1701,94000000000005"
"QC_VAST";"ICP_MINMET_PBL";"ICP_MINMET_HNO3_12";"ST.P.DS";"0,0000";NA;"0,000000";"7,5000000";"8";"5,20622851302500e-01";"1,30090794644364e+00";"17";"8";"9";"-1,18991213228750e-01";"4,63886978935556e-01";"1,80592418063669e+00";"1,22873387370876e+00";NA;NA;"NANA";"1";"T";"0,00000000000000";"7,5000000000000000";"-15,00000000000000";"15,00000000000000"
"QC_VAST";"ALG_FSCC_MRF";"ICP_MINMET_HNO3_12";"ST.Pb.DS";"7,3000";"7,800e-01";"11,130000";"2,3840000";"2";"6,87887300765000e+00";"3,19393502076199e+00";"8";"4";"4";"1,24237248447500e+01";"7,46092471717500e+00";"5,73435037894809e-01";"2,10843487140349e+00";NA;NA;"NANA";"0";"T";"11,13000000000000";"2,3839999999999999";"3,97800000000000";"18,28200000000000"
"QC_VAST";"ALG_MAPLEA_MRF";"ICP_MINMET_HNO3_12";"ST.Pb.DS";NA;NA;NA;NA;"0";NA;NA;"7";"3";"4";"7,22990450000000e-01";"-1,08491561150000e-01";"5,13846131904080e-01";"2,74807004353425e-01";NA;NA;"NANA";NA;NA;NA;NA;NA;NA
"QC_VAST";"ICP_MINMET_PBL";"ICP_MINMET_HNO3_12";"ST.Pb.DS";"0,0000";NA;"0,000000";"1,0000000";"8";"3,62596127162500e-02";"2,28358828154896e-01";"17";"8";"9";"-1,59707903783750e-01";"3,22307668588889e-02";"2,56965592729767e-01";"2,13951792437512e-01";NA;NA;"NANA";"1";"T";"0,00000000000000";"1,0000000000000000";"-2,00000000000000";"2,00000000000000"
"QC_VAST";"ALG_FSCC_MRF";"ICP_MINMET_HNO3_12";"ST.S.DS";"76,1000";"4,280e+00";"68,310000";"9,8800000";"2";"7,53863618450000e+01";"2,52619290682314e+01";"7";"3";"4";"7,47891789193333e+01";"7,48485425400000e+01";"7,00544193419157e+00";"1,54655699123222e+01";NA;NA;"NANA";"0";"T";"68,31000000000000";"9,8800000000000008";"38,67000000000000";"97,95000000000000"
"QC_VAST";"ALG_MAPLEA_MRF";"ICP_MINMET_HNO3_12";"ST.S.DS";"2630,0000";"1,650e+02";"2491,170000";"130,9100000";"7";"2,57826392247143e+03";"9,37631534699765e+01";"15";"7";"8";"2,45917184872857e+03";"2,57936174745000e+03";"1,46463785711505e+02";"8,68633294270672e+01";NA;NA;"NANA";"0";"T";"2491,17000000000007";"130,9099999999999966";"2098,44000000000005";"2883,90000000000009"
"QC_VAST";"ICP_MINMET_PBL";"ICP_MINMET_HNO3_12";"ST.S.DS";"0,0000";NA;"0,000000";"20,0000000";"7";"1,16071428571429e+00";"1,98496498177852e+00";"16";"8";"8";"-3,94519129607500e+00";"1,01562500000000e+00";"8,96602961317132e+00";"1,88298267649078e+00";NA;NA;"NANA";"1";"T";"0,00000000000000";"20,0000000000000000";"-40,00000000000000";"40,00000000000000"
"QC_VAST";"ALG_FSCC_MRF";"ICP_MINMET_HNO3_12";"ST.Se.DS";NA;NA;NA;NA;"0";NA;NA;"6";"3";"3";"2,08609309983333e+00";"1,41940281676667e+00";"8,51316630478677e-01";"7,52654880567911e-01";NA;NA;"NANA";NA;NA;NA;NA;NA;NA
"QC_VAST";"ALG_MAPLEA_MRF";"ICP_MINMET_HNO3_12";"ST.Se.DS";NA;NA;NA;NA;"0";NA;NA;"7";"3";"4";"-2,26006280890000e+00";"-1,39599298080000e+00";"9,22262404960856e-01";"5,58672415704477e-01";NA;NA;"NANA";NA;NA;NA;NA;NA;NA
"QC_VAST";"ICP_MINMET_PBL";"ICP_MINMET_HNO3_12";"ST.Se.DS";"0,0000";NA;"0,000000";"1,2500000";"8";"4,15329768250000e-02";"4,50106013665424e-01";"17";"8";"9";"-4,15612595903750e-01";"3,69182016222222e-02";"3,42833100477549e-01";"4,21263173025018e-01";NA;NA;"NANA";"1";"T";"0,00000000000000";"1,2500000000000000";"-2,50000000000000";"2,50000000000000"
"QC_VAST";"ALG_FSCC_MRF";"ICP_MINMET_HNO3_12";"ST.Zn.DS";"20,2000";"1,290e+00";"19,086000";"1,2480000";"1";"2,00708006260000e+01";NA;"7";"3";"4";"1,99359419226667e+01";"1,90386459350000e+01";"6,05434805020998e-01";"1,93337620518186e+00";NA;NA;"NANA";"0";"T";"19,08600000000000";"1,2480000000000000";"15,34200000000000";"22,83000000000000"
"QC_VAST";"ALG_MAPLEA_MRF";"ICP_MINMET_HNO3_12";"ST.Zn.DS";"34,1400";"1,645e+00";"33,750000";"1,6300000";"6";"3,40615777856667e+01";"1,62842360765179e+00";"14";"7";"7";"3,35466979737143e+01";"3,39046957515714e+01";"1,87495436090109e+00";"1,54340101075010e+00";NA;NA;"NANA";"0";"T";"33,75000000000000";"1,6299999999999999";"28,86000000000000";"38,64000000000000"
"QC_VAST";"ICP_MINMET_PBL";"ICP_MINMET_HNO3_12";"ST.Zn.DS";"0,0000";NA;"0,000000";"1,0000000";"7";"5,82460479075714e-01";"5,36921137949061e-01";"16";"8";"8";"3,05208333325000e-01";"5,15152919191250e-01";"1,75647187638588e-01";"5,32300006286027e-01";NA;NA;"NANA";"1";"T";"0,00000000000000";"1,0000000000000000";"-2,00000000000000";"2,00000000000000"
"QC_VAST";"ICP_MINMET_PE_HG_RF";"ICP_MINMET_HNO3_12";"ZN_ICP";"1,5000";NA;"1,521000";"0,0550000";"9";"1,53153333333333e+00";"4,09914015373956e-02";"20";"10";"10";"1,51453000000000e+00";"1,52638000000000e+00";"5,73467435867112e-02";"4,19423890592799e-02";NA;NA;"NANA";"0";"T";"1,52100000000000";"0,0550000000000000";"1,35600000000000";"1,68600000000000"
"QC_VAST";"ICP_MINMET_PE_LG_RF";"ICP_MINMET_HNO3_12";"ZN_ICP";"0,3000";NA;"0,306000";"0,0100000";"9";"3,00433333333333e-01";"8,79445848247633e-03";"20";"10";"10";"3,03090000000000e-01";"3,01390000000000e-01";"1,08044692398820e-02";"8,82615431544225e-03";NA;NA;"NANA";"0";"T";"0,30600000000000";"0,0100000000000000";"0,27600000000000";"0,33600000000000"
"QC_VAST";"ALG_FSCC_MRF";"LOI_AS_OVEN_550";"LOI550.OS.DS";"18,2500";NA;"18,500000";"0,8800000";"6";"1,90531692436667e+01";"9,37651865259947e-01";"38";"19";"19";"1,85590643205789e+01";"1,88446730927895e+01";"8,49083789186220e-01";"7,15236902321641e-01";"2,69762433231492e-01";"4,73964957644442e-01";"__";"0";"T";"18,50000000000000";"0,8800000000000000";"15,86000000000000";"21,14000000000000"
"QC_VAST";"ALG_ZONSTRO_MRF";"LOI_AS_OVEN_550";"LOI550.OS.DS";NA;NA;"841,990000";"5,7400000";"4";"8,51613559797500e+02";"9,71800925002346e+00";"22";"11";"11";"8,40884332259091e+02";"8,47042800105455e+02";"5,01627305252441e+00";"7,09927277212687e+00";NA;NA;"NANA";"0";"T";"841,99000000000001";"5,7400000000000002";"824,76999999999998";"859,21000000000004"
"QC_VAST";"ALG_ZB_MRF";"N_MIN_V";"NH4.N.DS";NA;NA;"72,350000";"1,5200000";"1";"6,99862196580000e+01";NA;"5";"2";"3";"6,95809399985000e+01";"7,13900836500000e+01";"1,34142474055804e+00";"1,73945369656504e+00";NA;NA;"NANA";"0";"T";"72,34999999999999";"1,5200000000000000";"67,78999999999999";"76,91000000000000"
"QC_VAST";"N_MIN_PBL";"N_MIN_V";"NH4.N.DS";"0,0000";NA;"0,000000";"2,5000000";"3";"1,33333333333333e-01";"4,16333199893227e-01";"6";"3";"3";"2,92111111100000e-01";"1,33333333333333e-01";"1,90359406673875e-01";"4,16333199893227e-01";NA;NA;"NANA";"1";"T";"0,00000000000000";"2,5000000000000000";"-5,00000000000000";"5,00000000000000"
"QC_VAST";"ALG_ZB_MRF";"N_MIN_V";"NO2.N.DS";NA;NA;"0,014000";"0,0310000";"0";NA;NA;"3";"1";"2";"5,99400599400000e-02";"2,02306291500000e-03";NA;"1,71662580927755e-02";NA;NA;"NANA";"0";NA;"0,01400000000000";"0,0310000000000000";"-0,07900000000000";"0,10700000000000"
"QC_VAST";"N_MIN_PBL";"N_MIN_V";"NO2.N.DS";"0,0000";NA;"0,000000";"0,2500000";"3";"6,66666666666667e-03";"1,04083299973307e-02";"7";"3";"4";"-1,83333333333333e-03";"5,00000000000000e-03";"2,44965984033158e-02";"9,12870929175277e-03";NA;NA;"NANA";"1";"T";"0,00000000000000";"0,2500000000000000";"-0,50000000000000";"0,50000000000000"
"QC_VAST";"ALG_ZB_MRF";"N_MIN_V";"NO3.N.DS";NA;NA;"6,410000";"0,2100000";"1";"6,05401577990000e+00";NA;"5";"2";"3";"6,58518297405000e+00";"5,98090453386667e+00";"2,14418167784479e-01";"1,39978307643832e-01";NA;NA;"NANA";"0";"T";"6,41000000000000";"0,2100000000000000";"5,78000000000000";"7,04000000000000"
"QC_VAST";"N_MIN_PBL";"N_MIN_V";"NO3.N.DS";"0,0000";NA;"0,000000";"0,5000000";"3";"7,66666666666667e-02";"5,10718448201485e-02";"7";"3";"4";"2,20722222221667e-01";"3,07500000000000e-01";"3,55250941563654e-01";"4,63546114210873e-01";NA;NA;"NANA";"1";"T";"0,00000000000000";"0,5000000000000000";"-1,00000000000000";"1,00000000000000"
"QC_VAST";"ALG_ZB_MRF";"N_MIN_V";"T.MIN.N.DS";NA;NA;"78,790000";"1,5200000";"1";"7,56114697540000e+01";NA;"2";"1";"1";"7,94052195030000e+01";"7,56114697540000e+01";NA;NA;NA;NA;"NANA";"0";"T";"78,79000000000001";"1,5200000000000000";"74,23000000000000";"83,35000000000001"
"QC_VAST";"ALG_ISE839_MRF";"P_OLSEN_V";"EXCH.P.DS";"37,2000";"5,670e+00";"37,200000";"2,2700000";"11";"3,43902257768182e+01";"1,02913179585394e+00";"12";"6";"6";"3,40241302591667e+01";"3,48204626330000e+01";"6,42159399908655e-01";"1,16297970594971e+00";NA;NA;"NANA";"0";"T";"37,20000000000000";"2,2700000000000000";"30,39000000000000";"44,01000000000001"
"QC_VAST";"ALG_ISE847_MRF";"P_OLSEN_V";"EXCH.P.DS";"45,3000";"8,550e+00";"41,220000";"2,2700000";"2";"3,92977023930000e+01";"1,64476268074874e+00";"11";"5";"6";"4,33624619164000e+01";"4,09612872610000e+01";"1,96181894276215e+00";"2,92923804980477e+00";NA;NA;"NANA";"0";"F";"41,22000000000000";"2,2700000000000000";"34,41000000000000";"48,03000000000000"
"QC_VAST";"ALG_ISE961_MRF";"P_OLSEN_V";"EXCH.P.DS";"8,6800";"2,741e+00";"6,630000";"0,3000000";"8";"6,46555344285000e+00";"6,11946235233314e-01";"15";"7";"8";"6,35564288452857e+00";"6,46555344285000e+00";"3,95492483005084e-01";"6,11946235233314e-01";NA;NA;"NANA";"0";"T";"6,63000000000000";"0,3000000000000000";"5,73000000000000";"7,53000000000000"
"QC_VAST";"P_OLSEN_PBL";"P_OLSEN_V";"EXCH.P.DS";"0,0000";NA;"0,000000";"0,5000000";"15";"-9,30800000000000e-02";"3,71324631171009e-01";"35";"17";"18";"-1,97294117647059e-02";"-5,83555555555556e-02";"1,26193976503961e-01";"3,53019496582441e-01";"6,67416263642048e-01";"1,53092750638188e-04";"_*";"1";"T";"0,00000000000000";"0,5000000000000000";"-1,00000000000000";"1,00000000000000"
"QC_VAST";"ALG_BB2_MRF";"PH_EC_TIT_V";"EC.25";NA;NA;"226,370000";"8,9100000";"3";"2,27983333333333e+02";"4,11244858123884e+00";"12";"6";"6";"2,25468333333333e+02";"2,28301666666667e+02";"1,04042134093196e+01";"5,17731751650087e+00";NA;NA;"NANA";"0";"T";"226,37000000000000";"8,9100000000000001";"199,64000000000001";"253,09999999999999"
"QC_VAST";"ALG_FSCC_MRF";"PH_EC_TIT_V";"EC.25";NA;NA;"58,640000";"3,2900000";"3";"5,99500000000000e+01";"3,03894718611561e+00";"13";"6";"7";"5,73716666666667e+01";"6,14685714285714e+01";"2,02454356996007e+00";"3,23034275050099e+00";NA;NA;"NANA";"0";"T";"58,64000000000000";"3,2900000000000000";"48,77000000000000";"68,51000000000001"
"QC_VAST";"EC_1413MICROS_V_RF";"PH_EC_TIT_V";"EC.25";"1413,0000";NA;"1418,530000";"14,7200000";"3";"1,42687000000000e+03";"5,30851203257572e+00";"4";"2";"2";"1,42119000000000e+03";"1,42586500000000e+03";"1,08753022946492e+01";"7,09228101530121e+00";NA;NA;"NANA";"0";"T";"1418,52999999999997";"14,7200000000000006";"1374,36999999999989";"1462,69000000000005"
"QC_VAST";"EC_84MICROS_V_RF";"PH_EC_TIT_V";"EC.25";"84,0000";NA;"81,930000";"1,3800000";"3";"8,22333333333333e+01";"6,89951689129995e-01";"4";"2";"2";"8,23600000000000e+01";"8,18350000000000e+01";"9,47523086789976e-01";"7,07106781186909e-03";NA;NA;"NANA";"0";"T";"81,93000000000001";"1,3799999999999999";"77,79000000000001";"86,07000000000001"
"QC_VAST";"ALG_BB2_MRF";"PH_EC_TIT_V";"pH.25";NA;NA;"7,300000";"0,0300000";"3";"7,31233333333333e+00";"8,08290376865490e-03";"12";"6";"6";"7,27966666666667e+00";"7,29966666666667e+00";"3,55340212566303e-02";"1,98762840256087e-02";NA;NA;"NANA";"0";"T";"7,30000000000000";"0,0300000000000000";"7,21000000000000";"7,39000000000000"
"QC_VAST";"ALG_FSCC_MRF";"PH_EC_TIT_V";"pH.25";"4,2400";"4,500e-02";"4,250000";"0,0300000";"3";"4,27033333333333e+00";"1,38684293751432e-02";"13";"6";"7";"4,26050000000000e+00";"4,26571428571429e+00";"2,95482656005389e-02";"3,98945037388791e-02";NA;NA;"NANA";"0";"T";"4,25000000000000";"0,0300000000000000";"4,16000000000000";"4,34000000000000"
"QC_VAST";"PH_BUFFER5_V_RF";"PH_EC_TIT_V";"pH.25";"5,0000";NA;"5,000000";"0,0100000";"3";"5,00400000000000e+00";"9,53939201416929e-03";"4";"2";"2";"5,00100000000000e+00";"5,00950000000000e+00";"1,13137084989848e-02";"7,07106781186156e-04";NA;NA;"NANA";"0";"T";"5,00000000000000";"0,0100000000000000";"4,97000000000000";"5,03000000000000"
"QC_VAST";"PH_BUFFER9_V_RF";"PH_EC_TIT_V";"pH.25";"9,0000";NA;"9,000000";"0,0200000";"3";"9,02066666666667e+00";"5,77350269190331e-04";"4";"2";"2";"9,00300000000000e+00";"9,02050000000000e+00";"2,54558441227167e-02";"7,07106781187412e-04";NA;NA;"NANA";"0";"T";"9,00000000000000";"0,0200000000000000";"8,94000000000000";"9,06000000000000"
"QC_VAST";"ALG_BB2_MRF";"PHCACL2_TIT_V";"pH.25";NA;NA;"6,780000";"0,0300000";"3";"6,78400000000000e+00";"3,40734500748016e-02";"12";"6";"6";"6,75683333333333e+00";"6,78300000000000e+00";"2,51826659960113e-02";"2,18632111090754e-02";NA;NA;"NANA";"0";"T";"6,78000000000000";"0,0300000000000000";"6,69000000000000";"6,87000000000000"
"QC_VAST";"ALG_FSCC_MRF";"PHCACL2_TIT_V";"pH.25";"3,8400";"4,000e-02";"3,920000";"0,0200000";"3";"3,92300000000000e+00";"1,82482875908946e-02";"10";"5";"5";"3,89480000000000e+00";"3,92540000000000e+00";"1,54175224987675e-02";"1,74728360605827e-02";NA;NA;"NANA";"0";"T";"3,92000000000000";"0,0200000000000000";"3,86000000000000";"3,98000000000000"
"QC_VAST";"PH_BUFFER5_V_RF";"PHCACL2_TIT_V";"pH.25";"5,0000";NA;"5,000000";"0,0100000";"3";"4,99833333333333e+00";"4,04145188432737e-03";"4";"2";"2";"5,01200000000000e+00";"4,99650000000000e+00";"1,41421356237313e-02";"3,53553390593266e-03";NA;NA;"NANA";"0";"T";"5,00000000000000";"0,0100000000000000";"4,97000000000000";"5,03000000000000"
"QC_VAST";"PH_BUFFER9_V_RF";"PHCACL2_TIT_V";"pH.25";"9,0000";NA;"9,000000";"0,0200000";"3";"9,01033333333333e+00";"1,97315314492649e-02";"4";"2";"2";"9,01400000000000e+00";"8,99900000000000e+00";"2,68700576850890e-02";"2,82842712474588e-03";NA;NA;"NANA";"0";"T";"9,00000000000000";"0,0200000000000000";"8,94000000000000";"9,06000000000000"
"QC_VAST";"ALG_FSCC_MRF";"PHCACL2_VOL_V";"pH.25";NA;NA;NA;NA;"0";NA;NA;"2";"1";"1";"3,84600000000000e+00";"3,84600000000000e+00";NA;NA;NA;NA;"NANA";NA;NA;NA;NA;NA;NA
"QC_VAST";"PH_BUFFER5_V_RF";"PHCACL2_VOL_V";"pH.25";"5,0000";NA;"5,000000";"0,0125000";"11";"5,01654545454545e+00";"5,39191313660815e-03";"11";"5";"6";"5,01860000000000e+00";"5,01483333333333e+00";"4,03732584763717e-03";"6,11282804164065e-03";NA;NA;"NANA";"0";"T";"5,00000000000000";"0,0125000000000000";"4,96250000000000";"5,03750000000000"
"QC_VAST";"PH_BUFFER9_V_RF";"PHCACL2_VOL_V";"pH.25";"9,0000";NA;"9,000000";"0,0225000";"11";"9,02118181818182e+00";"1,04958866401861e-02";"11";"5";"6";"9,02020000000000e+00";"9,02200000000000e+00";"6,41872261435230e-03";"1,36235090927413e-02";NA;NA;"NANA";"0";"T";"9,00000000000000";"0,0225000000000000";"8,93250000000000";"9,06750000000000"
"QC_VAST";"ALG_BB2_MRF";"PHH2O_TIT_V";"pH.25";NA;NA;"7,300000";"0,0300000";"2";"7,32150000000000e+00";"3,04055915910216e-02";"6";"3";"3";"7,29066666666667e+00";"7,32033333333333e+00";"4,82113402980390e-02";"2,15947524489941e-02";NA;NA;"NANA";"0";"T";"7,30000000000000";"0,0300000000000000";"7,21000000000000";"7,39000000000000"
"QC_VAST";"ALG_FSCC_MRF";"PHH2O_TIT_V";"pH.25";"4,2400";"4,500e-02";"4,250000";"0,0300000";"3";"4,28866666666667e+00";"3,66105631387080e-02";"5";"2";"3";"4,28900000000000e+00";"4,28866666666667e+00";"2,54558441227160e-02";"3,66105631387080e-02";NA;NA;"NANA";"0";"T";"4,25000000000000";"0,0300000000000000";"4,16000000000000";"4,34000000000000"
"QC_VAST";"PH_BUFFER5_V_RF";"PHH2O_TIT_V";"pH.25";"5,0000";NA;"5,000000";"0,0100000";"3";"5,00400000000000e+00";"5,29150262212910e-03";"5";"2";"3";"5,01600000000000e+00";"5,00400000000000e+00";"4,24264068711945e-03";"5,29150262212910e-03";NA;NA;"NANA";"0";"T";"5,00000000000000";"0,0100000000000000";"4,97000000000000";"5,03000000000000"
"QC_VAST";"PH_BUFFER9_V_RF";"PHH2O_TIT_V";"pH.25";"9,0000";NA;"9,000000";"0,0200000";"3";"9,02433333333333e+00";"4,04145188432719e-03";"5";"2";"3";"8,98600000000000e+00";"9,02433333333333e+00";"1,27279220613571e-02";"4,04145188432719e-03";NA;NA;"NANA";"0";"T";"9,00000000000000";"0,0200000000000000";"8,94000000000000";"9,06000000000000"
"QC_VAST";"ALG_FSCC_MRF";"PHH2O_VOL_V";"pH.25";NA;NA;NA;NA;"0";NA;NA;"2";"1";"1";"4,15800000000000e+00";"4,15800000000000e+00";NA;NA;NA;NA;"NANA";NA;NA;NA;NA;NA;NA
"QC_VAST";"ALG_FSCC7B_MRF";"PHKCL_VOL_SP2000_V";"pH.KCL.20";"0,0000";"0,000e+00";"7,235000";"0,0400000";"1";"7,28000000000000e+00";NA;"2";"1";"1";"7,28000000000000e+00";"7,28000000000000e+00";NA;NA;NA;NA;"NANA";"0";"T";"7,23500000000000";"0,0400000000000000";"7,11500000000000";"7,35500000000000"
"QC_VAST";"ALG_FSCC7C_MRF";"PHKCL_VOL_SP2000_V";"pH.KCL.20";"0,0000";"0,000e+00";"2,938000";"0,0500000";"1";"2,98000000000000e+00";NA;"2";"1";"1";"2,98000000000000e+00";"2,98000000000000e+00";NA;NA;NA;NA;"NANA";"0";"T";"2,93800000000000";"0,0500000000000000";"2,78800000000000";"3,08800000000000"
"QC_VAST";"ALG_FSCC7B_MRF";"PHKCL_VOL_T90_V";"pH.KCL.20";NA;NA;"7,235000";"0,0400000";"107";"7,24295327102804e+00";"2,25096973557729e-02";"133";"66";"67";"7,25106060606061e+00";"7,24614925373134e+00";"3,24216825776439e-02";"2,24622604244105e-02";"3,12675381193714e-01";"3,39071768097510e-03";"_*";"0";"T";"7,23500000000000";"0,0224622604244105";"7,16761321872677";"7,30238678127323"
"QC_VAST";"ALG_FSCC7C_MRF";"PHKCL_VOL_T90_V";"pH.KCL.20";NA;NA;"2,938000";"0,0500000";"107";"2,94207476635514e+00";"2,57032047537794e-02";"133";"66";"67";"2,96107575757576e+00";"2,94126865671642e+00";"4,13087104266105e-02";"2,58788448114345e-02";"1,27352789193927e-03";"2,07422472133567e-04";"**";"0";"T";"2,94126865671642";"0,0258788448114345";"2,86363212228211";"3,01890519115072"
"QC_VAST";"ALG_ISE839_MRF";"PHKCL_VOL_T90_V";"pH.KCL.20";NA;NA;NA;NA;"0";NA;NA;"3";"1";"2";"8,01200000000000e+00";"7,92800000000000e+00";NA;"5,79827560572974e-02";NA;NA;"NANA";NA;NA;NA;NA;NA;NA
"QC_VAST";"ALG_ISE861_MRF";"PHKCL_VOL_T90_V";"pH.KCL.20";NA;NA;NA;NA;"0";NA;NA;"2";"1";"1";"7,87300000000000e+00";"7,87300000000000e+00";NA;NA;NA;NA;"NANA";NA;NA;NA;NA;NA;NA
"QC_VAST";"ALG_ISE961_MRF";"PHKCL_VOL_T90_V";"pH.KCL.20";NA;NA;NA;NA;"0";NA;NA;"3";"1";"2";"5,21800000000000e+00";"5,17100000000000e+00";NA;"2,40416305603425e-02";NA;NA;"NANA";NA;NA;NA;NA;NA;NA
"QC_VAST";"PH_BUFFER5_V_RF";"PHKCL_VOL_T90_V";"pH.KCL.20";"5,0000";NA;"5,000000";"0,0125000";"106";"4,99967924528302e+00";"1,03689528973219e-02";"139";"69";"70";"5,00568115942029e+00";"4,99941428571429e+00";"1,19650136471779e-02";"1,10092093953828e-02";"1,64528763571507e-03";"4,92170756587679e-01";"*_";"0";"T";"4,99941428571429";"0,0125000000000000";"4,96191428571429";"5,03691428571429"
"QC_VAST";"PH_BUFFER9_V_RF";"PHKCL_VOL_T90_V";"pH.KCL.20";"9,0000";NA;"9,000000";"0,0225000";"106";"9,01524528301887e+00";"1,62403444255962e-02";"139";"69";"70";"9,01455072463768e+00";"9,01181428571429e+00";"1,59526286160401e-02";"1,62224507674608e-02";"3,17770917243671e-01";"8,90469802451090e-01";"__";"0";"T";"9,00000000000000";"0,0225000000000000";"8,93250000000000";"9,06750000000000"
"QC_VAST";"ALG_FSCC_MRF";"SO4_IC_V";"SO4.DS";NA;NA;"0,000000";"0,0000000";"0";NA;NA;"2";"1";"1";NA;NA;NA;NA;NA;NA;"NANA";"0";"T";"0,00000000000000";"0,0000000000000000";"0,00000000000000";"0,00000000000000"
"QC_VAST";"SO4_PBL";"SO4_IC_V";"SO4.DS";"0,0000";NA;"0,000000";"0,0000000";"0";NA;NA;"2";"1";"1";NA;NA;NA;NA;NA;NA;"NANA";"1";"T";"0,00000000000000";"2,5000000000000000";"-5,00000000000000";"5,00000000000000"
"QC_VAST";"SO4_PBL";"SO4_IC_V";"SO4_IC";NA;NA;NA;NA;"0";NA;NA;"6";"3";"3";"1,08526666666667e+00";"4,42133333333333e-01";"1,66349160903605e-01";"5,10174306814184e-01";NA;NA;"NANA";NA;NA;NA;NA;NA;NA
"QC_VAST";"ALG_BB2_MRF";"TEXTUUR_LD_LS13320_V";"KLEI.04.6m";NA;NA;"37,290000";"5,3300000";"95";"3,58794637894737e+01";"4,00516025930702e+00";"124";"62";"62";"3,85182641935484e+01";"3,54281012903226e+01";"3,62789924439075e+00";"4,67926024368028e+00";"7,46732147170341e-05";"4,89547319788790e-02";"*_";"0";"T";"35,42810129032258";"5,3300000000000001";"19,43810129032258";"51,41810129032258"
"QC_VAST";"ALG_ZB2_MRF";"TEXTUUR_LD_LS13320_V";"KLEI.04.6m";NA;NA;"17,640000";"1,7300000";"92";"1,71075938043478e+01";"1,30010151820764e+00";"115";"57";"58";"1,77434580701754e+01";"1,68597268965517e+01";"1,44211039495996e+00";"1,25764451246669e+00";"6,72270718338135e-04";"3,05924102940399e-01";"*_";"0";"T";"16,85972689655172";"1,7300000000000000";"11,66972689655172";"22,04972689655173"
"QC_VAST";"ALG_BB2_MRF";"TEXTUUR_LD_LS13320_V";"LEEM.6.63m";NA;NA;"56,220000";"4,8700000";"92";"5,89879347826087e+01";"4,02094735106905e+00";"121";"60";"61";"5,63250285000000e+01";"5,93240036065574e+01";"3,70091854327115e+00";"4,59208002258419e+00";"1,31265551391132e-04";"9,91176208942077e-02";"*_";"0";"T";"59,32400360655738";"4,8700000000000001";"44,71400360655738";"73,93400360655738"
"QC_VAST";"ALG_ZB2_MRF";"TEXTUUR_LD_LS13320_V";"LEEM.6.63m";NA;NA;"72,680000";"1,5200000";"92";"7,37489491304348e+01";"1,17582002450911e+00";"115";"57";"58";"7,31132114035088e+01";"7,39551644827586e+01";"1,25851946284888e+00";"1,15307996529078e+00";"2,93225133129375e-04";"5,12266214085332e-01";"*_";"0";"T";"73,95516448275862";"1,5200000000000000";"69,39516448275862";"78,51516448275862"
"QC_VAST";"ALG_BB2_MRF";"TEXTUUR_LD_LS13320_V";"ZAND.63.2000m";NA;NA;"5,550000";"3,1100000";"96";"4,65063906250000e+00";"1,02717529846209e+00";"125";"62";"63";"5,17288225806452e+00";"4,41652222222222e+00";"8,66215602318346e-01";"1,05582881202926e+00";"2,54939901869429e-05";"1,23682125423650e-01";"*_";"0";"T";"4,41652222222222";"3,1099999999999999";"-4,91347777777778";"13,74652222222222"
"QC_VAST";"ALG_ZB2_MRF";"TEXTUUR_LD_LS13320_V";"ZAND.63.2000m";NA;NA;"9,580000";"0,6700000";"90";"9,18442755555555e+00";"6,57173846168835e-01";"113";"56";"57";"9,17322500000000e+00";"9,22115807017544e+00";"6,85529289845710e-01";"6,59269837239975e-01";"7,05606037945966e-01";"7,71461304242911e-01";"__";"0";"T";"9,58000000000000";"0,6700000000000000";"7,57000000000000";"11,59000000000000"
